"","external_gene_name","ensembl_transcript_id","transcript_appris","protein_sequence","id"
"1","Adgrl1","ENS7","","MPPLHPEPPETLPAGAALDSSLGAASLRPFLSYLLRLPAERSPDSIRDPRRRIDSPKPPCQRTLQKVLEPTSTHESEHQSGAWCKDPLQAGDRIYVMPWIPYRTDTLTEYASWEDYVAARHTTTYRLPNRVDGTGFVVYDGAVFYNKERTRNIVKYDLRTRIKSGETVINTANYHDTSPYRWGGKTDIDLAVDENGLWVIYATEGNNGRLVVSQLNPYTLRFEGTWETGYDKRSASNAFMVCGVLYVLRSVYVDDDSEAAGNRVDYAFNTNANREEPVSLAFPNPYQFVSSVDYNPRDNQLYVWNNYFVVRYSLEFGPPDPSAGPATSPPLSTTTTARPTPLTSTASPAATTPLRRAPLTTHPVGAINQLGPDLPPATAPAPSTRRPPAPNLHVSPELFCEPREVRRVQWPATQQGMLVERPCPKGTRGIASFQCLPALGLWNPRGPDLSNCTSPWVNQVAQKIKSGENAANIASELARHTRGSIYAGDVSSSVKLMEQLLDILDAQLQALRPIERESAGKNYNKMHKRERTCKDYIKAVVETVDNLLRPEALESWKDMNATEQVHTATMLLDVLEEGAFLLADNVREPARFLAAKQNVVLEVTVLNTEGQVQELVFPQEYPSENSIQLSANTIKQNSRNGVVKVVFILYNNLGLFLSTENATVKLAGEAGTGGPGGASLVVNSQVIAASINKESSRVFLMDPVIFTVAHLEAKNHFNANCSFWNYSERSMLGYWSTQGCRLVESNKTHTTCACSHLTNFAVLMAHREIYQGRINELLLSVITWVGIVISLVCLAICISTFCFLRGLQTDRNTIHKNLCINLFLAELLFLVGIDKTQYEVACPIFAGLLHYFFLAAFSWLCLEGVHLYLLLVEVFESEYSRTKYYYLGGYCFPALVVGIAAAIDYRSYGTEKACWLRVDNYFIWSFIGPVSFVIVVNLVFLMVTLHKMIRSSSVLKPDSSRLDNIKSWALGAIALLFLLGLTWAFGLLFINKESVVMAYLFTTFNAFQGVFIFVFHCALQKKVHKEYSKCLRHSYCCIRSPPGGTHGSLKTSAMRSNTRYYTGTQSRIRRMWNDTVRKQTESSFMAGDINSTPTLNRGTMGNHLLTNPVLQPRGGTSPYNTLIAESVGFNPSSPPVFNSPGSYREPKHPLGGREACGMDTLPLNGNFNNSYSLRSGDFPPGDGGPEPPRGRNLADAAAFEKMIISELVHNNLRGASGGAKGPPPEPPVPPVPGVSEDEAGGPGSADRAEIELLYKALEEPLLLPRAQSVLYQSDLDESESCTAEDGATSRPLSSPPGRDSLYASGANLRDSPSYPDSSPEGPNEALPPPPPAPPGPPEIYYTSRPPALVARNPLQGYYQVRRPSHEGYLAAPSLEGPGPDGDGQMQLVTSL","1"
"2","Adgrl1","ENS8","","MPPLHPEPPETLPAGAALDSSLGAASLRPFLSYLLRLPAERSPDSIRDPRRRIDSPKPPCQRTLQKVLEPTSTHESEHQSGAWCKDPLQAGDRIYVMPWIPYRTDTLTEYASWEDYVAARHTTTYRLPNRVDGTGFVVYDGAVFYNKERTRNIVKYDLRTRIKSGETVINTANYHDTSPYRWGGKTDIDLAVDENGLWVIYATEGNNGRLVVSQLNPYTLRFEGTWETGYDKRSASNAFMVCGVLYVLRSVYVDDDSEAAGNRVDYAFNTNANREEPVSLAFPNPYQFVSSVDYNPRDNQLYVWNNYFVVRYSLEFGPPDPSAGPATSPPLSTTTTARPTPLTSTASPAATTPLRRAPLTTHPVGAINQLGPDLPPATAPAPSTRRPPAPNLHVSPELFCEPREVRRVQWPATQQGMLVERPCPKGTRGIASFQCLPALGLWNPRGPDLSNCTSPWVNQVAQKIKSGENAANIASELARHTRGSIYAGDVSSSVKLMEQLLDILDAQLQALRPIERESAGKNYNKMHKRERTCKDYIKAVVETVDNLLRPEALESWKDMNATEQVHTATMLLDVLEEGAFLLADNVREPARFLAAKQNVVLEVTVLNTEGQVQELVFPQEYPSENSIQLSANTIKQNSRNGVVKVVFILYNNLGLFLSTENATVKLAGEAGTGGPGGASLVVNSQVIAASINKESSRVFLMDPVIFTVAHLEAKNHFNANCSFWNYSERSMLGYWSTQGCRLVESNKTHTTCACSHLTNFAVLMAHREIYQGRINELLLSVITWVGIVISLVCLAICISTFCFLRGLQTDRNTIHKNLCINLFLAELLFLVGIDKTQYEVACPIFAGLLHYFFLAAFSWLCLEGVHLYLLLVEVFESEYSRTKYYYLGGYCFPALVVGIAAAIDYRSYGTEKACWLRVDNYFIWSFIGPVSFVIVVNLVFLMVTLHKMIRSSSVLKPDSSRLDNIKSWALGAIALLFLLGLTWAFGLLFINKESVVMAYLFTTFNAFQGVFIFVFHCALQKKVHKEYSKCLRHSYCCIRSPPGGTHGSLKTSAMRSNTRYYTGTQSRIRRMWNDTVRKQTESSFMAGDINSTPTLNRGTMGNHLLTNPVLQPRGGTSPYNTLIAESVGFNPSSPPVFNSPGSYREPKHPLGGREACGMDTLPLNGNFNNSYSLRSGDFPPGDGGPEPPRGRNLADAAAFEKMIISELVHNNLRGASGGAKGPPPEPPVPPVPGVSEDEAGGPGSADRAEIELLYKALEEPLLLPRAQSVLYQSDLDESESCTAEDGATSRPLSSPPGRDSLYASGANLRDSPSYPDSSPEGPNEALPPPPPAPPGPPEIYYTSRPPALVARNPLQGYYQVRRPSHEGYLAAPSLEGPGPDGDGQMQLVTSL","2"
"3","Adgrl1","ENSMUST00000141158","principal2","MARLAAALWSLCVTTVLVTSATQGLSRAGLPFGLMRRELACEGYPIELRCPGSDVIMVENANYGRTDDKICDADPFQMENVQCYLPDAFKIMSQRCNNRTQCVVVAGSDAFPDPCPGTYKYLEVQYDCVPYIFVCPGTLQKVLEPTSTHESEHQSGAWCKDPLQAGDRIYVMPWIPYRTDTLTEYASWEDYVAARHTTTYRLPNRVDGTGFVVYDGAVFYNKERTRNIVKYDLRTRIKSGETVINTANYHDTSPYRWGGKTDIDLAVDENGLWVIYATEGNNGRLVVSQLNPYTLRFEGTWETGYDKRSASNAFMVCGVLYVLRSVYVDDDSEAAGNRVDYAFNTNANREEPVSLAFPNPYQFVSSVDYNPRDNQLYVWNNYFVVRYSLEFGPPDPSAGPATSPPLSTTTTARPTPLTSTASPAATTPLRRAPLTTHPVGAINQLGPDLPPATAPAPSTRRPPAPNLHVSPELFCEPREVRRVQWPATQQGMLVERPCPKGTRGIASFQCLPALGLWNPRGPDLSNCTSPWVNQVAQKIKSGENAANIASELARHTRGSIYAGDVSSSVKLMEQLLDILDAQLQALRPIERESAGKNYNKMHKRERTCKDYIKAVVETVDNLLRPEALESWKDMNATEQVHTATMLLDVLEEGAFLLADNVREPARFLAAKQNVVLEVTVLNTEGQVQELVFPQEYPSENSIQLSANTIKQNSRNGVVKVVFILYNNLGLFLSTENATVKLAGEAGTGGPGGASLVVNSQVIAASINKESSRVFLMDPVIFTVAHLEAKNHFNANCSFWNYSERSMLGYWSTQGCRLVESNKTHTTCACSHLTNFAVLMAHREIYQGRINELLLSVITWVGIVISLVCLAICISTFCFLRGLQTDRNTIHKNLCINLFLAELLFLVGIDKTQYEVACPIFAGLLHYFFLAAFSWLCLEGVHLYLLLVEVFESEYSRTKYYYLGGYCFPALVVGIAAAIDYRSYGTEKACWLRVDNYFIWSFIGPVSFVIVVNLVFLMVTLHKMIRSSSVLKPDSSRLDNIKSWALGAIALLFLLGLTWAFGLLFINKESVVMAYLFTTFNAFQGVFIFVFHCALQKKVHKEYSKCLRHSYCCIRSPPGGTHGSLKTSAMRSNTRYYTGTQSRIRRMWNDTVRKQTESSFMAGDINSTPTLNRGTMGNHLLTNPVLQPRGGTSPYNTLIAESVGFNPSSPPVFNSPGSYREPKHPLGGREACGMDTLPLNGNFNNSYSLRSGDFPPGDGGPEPPRGRNLADAAAFEKMIISELVHNNLRGASGGAKGPPPEPPVPPVPGVSEDEAGGPGSADRAEIELLYKALEEPLLLPRAQSVLYQSDLDESESCTAEDGATSRPLSSPPGRDSLYASGANLRDSPSYPDSSPEGPNEALPPPPPAPPGPPEIYYTSRPPALVARNPLQGYYQVRRPSHEGYLAAPSLEGPGPDGDGQMQLVTSL","3"
"4","Adgrl2","ENS9","","MIESANYGRTDDKICDADPFQMENTDCYLPDAFKIMTQRCNNRTQCIVVTGSDVFPDPCPGTYKYLEVQYECVPYIFVCPGTLKAIVDSPCIYEAEQKSGAWCKDPLQAADKIYFMPWTPYRTDTLIEYASLEDFQNSRQTTTYKLPNRVDGTGFVVYDGAVFFNKERTRNIVKFDLRTRIKSGEAIINYANYHDTSPYRWGGKTDIDLAVDENGLWVIYATEQNNGMIVISQLNPYTLRFEATWETAYDKRAASNAFMICGVLYVVRSVYQDNESEAGKNTIDYIYNTRLSRGEYVDVPFPNQYQYIAAVDYNPRDNQLYVWNNNFILRYSLEFGPPDPAQVPTTAVTITSSAELFKTTISTTSSASQRGPVSSTAAGPQDGSRGTKPPPAVSTTKIPPVTNIFPLPERFCEALDWKGIKWPQTQRGMMVERPCPKGTRGTASYLCMASTGTWNPKGPDLSNCTSHWVNQLAQKIRSGENAASLANELAKHTKGHVFAGDVSSSVRLMEQLVDILDAQLQELKPSEKDSAGRSYNKAIVDTVDNLLRAEALESWKHMNSSEQAHTATMLLDTLEEGAFVLADNLLEPTRVSMPTENIVLEVAVLSTEGQVQDFKFPLGLKGLGSSIQLSANTVKQNSRNGLAKLVFIIYRSLGQFLSTENATIKLGADLMGRNSTIAVNSPVISVSINKESSRVYLTDPVLFTLPHIDPDNYFNANCSFWNYSERTMMGYWSTQGCKLVDTNKTRTTCACSHLTNFAILMAHREIAYKDGVHHLLLTVITWVGIVVSLVCLAICIFTFCFFRGLQSDRNTIHKNLCINLFIAEFIFLIGIDKTKYTIACPVFAGLLHFFFLAAFSWMCLEGVQLYLMLVEVFESEYSRKKYYYVAGYLFPATVVGVSAAIDYKSYGTVQACWLHVDNYFIWSFIGPVTFIILLNIIFLVITLCKMVKHSNTLKPDSSRLENIKSWVLGAFALLCLLGLTWSFGLLFVNEETVVMAYLFTAFNAFQGLFIFIFHCALQKKVRKEYGKCFRHWYCCGGLPTESPHSSVKASTTRTSARYSSGTQSRIRRMWNDTVRKQSESSFISGDINSTSTLNQGQLTGEPRGQREGCACASLD","4"
"5","Adgrl2","ENS10","","MIESANYGRTDDKICDADPFQMENTDCYLPDAFKIMTQRCNNRTQCIVVTGSDVFPDPCPGTYKYLEVQYECVPYIFVCPGTLKAIVDSPCIYEAEQKSGAWCKDPLQAADKIYFMPWTPYRTDTLIEYASLEDFQNSRQTTTYKLPNRVDGTGFVVYDGAVFFNKERTRNIVKFDLRTRIKSGEAIINYANYHDTSPYRWGGKTDIDLAVDENGLWVIYATEQNNGMIVISQLNPYTLRFEATWETAYDKRAASNAFMICGVLYVVRSVYQDNESEAGKNTIDYIYNTRLSRGEYVDVPFPNQYQYIAAVDYNPRDNQLYVWNNNFILRYSLEFGPPDPAQVPTTAVTITSSAELFKTTISTTSSASQRGPVSSTAAGPQDGSRGTKPPPAVSTTKIPPVTNIFPLPERFCEALDWKGIKWPQTQRGMMVERPCPKGTRGTASYLCMASTGTWNPKGPDLSNCTSHWVNQLAQKIRSGENAASLANELAKHTKGHVFAGDVSSSVRLMEQLVDILDAQLQELKPSEKDSAGRSYNKAIVDTVDNLLRAEALESWKHMNSSEQAHTATMLLDTLEEGAFVLADNLLEPTRVSMPTENIVLEVAVLSTEGQVQDFKFPLGLKGLGSSIQLSANTVKQNSRNGLAKLVFIIYRSLGQFLSTENATIKLGADLMGRNSTIAVNSPVISVSINKESSRVYLTDPVLFTLPHIDPDNYFNANCSFWNYSERTMMGYWSTQGCKLVDTNKTRTTCACSHLTNFAILMAHREIAYKDGVHHLLLTVITWVGIVVSLVCLAICIFTFCFFRGLQSDRNTIHKNLCINLFIAEFIFLIGIDKTKYTIACPVFAGLLHFFFLAAFSWMCLEGVQLYLMLVEVFESEYSRKKYYYVAGYLFPATVVGVSAAIDYKSYGTVQACWLHVDNYFIWSFIGPVTFIILLNIIFLVITLCKMVKHSNTLKPDSSRLENIKSWVLGAFALLCLLGLTWSFGLLFVNEETVVMAYLFTAFNAFQGLFIFIFHCALQKKVRKEYGKCFRHWYCCGGLPTESPHSSVKASTTRTSARYSSGTQSRIRRMWNDTVRKQSESSFISGDINSTSTLNQGHSLNNARDTSAMDTLPLNGNFNNSYSLRKADYHDGVQVVDCGLSLNDTAFEKMIISELVHNNLRGGNKTHNLELKLPVKPVIGGSSSEDDAIVADASSLMHGDNPGLEFRHKELEAPLIPQRTHSLLYQPQKKVKPEATDSYVSQLTAEADDHLQSPNRDSLYTSMPNLRDSPYPESSPDMAEDLSPSRRSENEDIYYKSMPNLGAGRHLHMCYQISRGNSDGYIIPINKEGCIPEGDVREGQMQLVTSL","5"
"6","Adgrl2","ENS11","","MLKIEVEQKVFVCPGTLKAIVDSPCIYEAEQKSGAWCKDPLQAADKIYFMPWTPYRTDTLIEYASLEDFQNSRQTTTYKLPNRVDGTGFVVYDGAVFFNKERTRNIVKFDLRTRIKSGEAIINYANYHDTSPYRWGGKTDIDLAVDENGLWVIYATEQNNGMIVISQLNPYTLRFEATWETAYDKRAASNAFMICGVLYVVRSVYQDNESEAGKNTIDYIYNTRLSRGEYVDVPFPNQYQYIAAVDYNPRDNQLYVWNNNFILRYSLEFGPPDPAQVPTTAVTITSSAELFKTTISTTSSASQRGPVSSTAAGPQDGSRGTKPPPAVSTTKIPPVTNIFPLPERFCEALDWKGIKWPQTQRGMMVERPCPKGTRGTASYLCMASTGTWNPKGPDLSNCTSHWVNQLAQKIRSGENAASLANELAKHTKGHVFAGDVSSSVRLMEQLVDILDAQLQELKPSEKDSAGRSYNKLQKREKTCRAYLKAIVDTVDNLLRAEALESWKHMNSSEQAHTATMLLDTLEEGAFVLADNLLEPTRVSMPTENIVLEVAVLSTEGQVQDFKFPLGLKGLGSSIQLSANTVKQNSRNGLAKLVFIIYRSLGQFLSTENATIKLGADLMGRNSTIAVNSPVISVSINKESSRVYLTDPVLFTLPHIDPDNYFNANCSFWNYSERTMMGYWSTQGCKLVDTNKTRTTCACSHLTNFAILMAHREIAYKDGVHHLLLTVITWVGIVVSLVCLAICIFTFCFFRGLQSDRNTIHKNLCINLFIAEFIFLIGIDKTKYTIACPVFAGLLHFFFLAAFSWMCLEGVQLYLMLVEVFESEYSRKKYYYVAGYLFPATVVGVSAAIDYKSYGTVQACWLHVDNYFIWSFIGPVTFIILLNIIFLVITLCKMVKHSNTLKPDSSRLENINNYRVCDGYYNTDLPGYEDNKPFIKSWVLGAFALLCLLGLTWSFGLLFVNEETVVMAYLFTAFNAFQGLFIFIFHCALQKYEKSMASASDTGTAVAASRPRARTAL","6"
"7","Adgrl2","ENS27","","MYFLIHVPELTNTLKFNMNVSLTVIFVCPGTLKAIVDSPCIYEAEQKSGAWCKDPLQAADKIYFMPWTPYRTDTLIEYASLEDFQNSRQTTTYKLPNRVDGTGFVVYDGAVFFNKERTRNIVKFDLRTRIKSGEAIINYANYHDTSPYRWGGKTDIDLAVDENGLWVIYATEQNNGMIVISQLNPYTLRFEATWETAYDKRAASNAFMICGVLYVVRSVYQDNESEAGKNTIDYIYNTRLSRGEYVDVPFPNQYQYIAAVDYNPRDNQLYVWNNNFILRYSLEFGPPDPAQVPTTAVTITSSAELFKTTISTTSSASQRGPVSSTAAGPQDGSRGTKPPPAVSTTKIPPVTNIFPLPERFCEALDWKGIKWPQTQRGMMVERPCPKGTRGTASYLCMASTGTWNPKGPDLSNCTSHWVNQLAQKIRSGENAASLANELAKHTKGHVFAGDVSSSVRLMEQLVDILDAQLQELKPSEKDSAGRSYNKAIVDTVDNLLRAEALESWKHMNSSEQAHTATMLLDTLEEGAFVLADNLLEPTRVSMPTENIVLEVAVLSTEGQVQDFKFPLGLKGLGSSIQLSANTVKQNSRNGLAKLVFIIYRSLGQFLSTENATIKLGADLMGRNSTIAVNSPVISVSINKESSRVYLTDPVLFTLPHIDPDNYFNANCSFWNYSERTMMGYWSTQGCKLVDTNKTRTTCACSHLTNFAILMAHREIAYKDGVHHLLLTVITWVGIVVSLVCLAICIFTFCFFRGLQSDRNTIHKNLCINLFIAEFIFLIGIDKTKYTIACPVFAGLLHFFFLAAFSWMCLEGVQLYLMLVEVFESEYSRKKYYYVAGYLFPATVVGVSAAIDYKSYGTVQACWLHVDNYFIWSFIGPVTFIILLNIIFLVITLCKMVKHSNTLKPDSSRLENINNYRVCDGYYNTDLPGAPLSFSRSWVLGAFALLCLLGLTWSFGLLFVNEETVVMAYLFTAFNAFQGLFIFIFHCALQKKVRKEYGKCFRHWYCCGGLPTESPHSSVKASTTRTSARYSSGTQSRIRRMWNDTVRKQSESSFISGDINSTSTLNQGDINLNILLQD","7"
"8","Adgrl2","ENSMUST00000197567","principal2","MVSSGCRMRSLWFIIIISFSPSTEGFSRAALPFGLVRRELSCEGYSIDLRCPGSDVIMIESANYGRTDDKICDADPFQMENTDCYLPDAFKIMTQRCNNRTQCIVVTGSDVFPDPCPGTYKYLEVQYECVPYMEQKVFVCPGTLKAIVDSPCIYEAEQKSGAWCKDPLQAADKIYFMPWTPYRTDTLIEYASLEDFQNSRQTTTYKLPNRVDGTGFVVYDGAVFFNKERTRNIVKFDLRTRIKSGEAIINYANYHDTSPYRWGGKTDIDLAVDENGLWVIYATEQNNGMIVISQLNPYTLRFEATWETAYDKRAASNAFMICGVLYVVRSVYQDNESEAGKNTIDYIYNTRLSRGEYVDVPFPNQYQYIAAVDYNPRDNQLYVWNNNFILRYSLEFGPPDPAQVPTTAVTITSSAELFKTTISTTSSASQRGPVSSTAAGPQDGSRGTKPPPAVSTTKIPPVTNIFPLPERFCEALDWKGIKWPQTQRGMMVERPCPKGTRGTASYLCMASTGTWNPKGPDLSNCTSHWVNQLAQKIRSGENAASLANELAKHTKGHVFAGDVSSSVRLMEQLVDILDAQLQELKPSEKDSAGRSYNKLQKREKTCRAYLKAIVDTVDNLLRAEALESWKHMNSSEQAHTATMLLDTLEEGAFVLADNLLEPTRVSMPTENIVLEVAVLSTEGQVQDFKFPLGLKGLGSSIQLSANTVKQNSRNGLAKLVFIIYRSLGQFLSTENATIKLGADLMGRNSTIAVNSPVISVSINKESSRVYLTDPVLFTLPHIDPDNYFNANCSFWNYSERTMMGYWSTQGCKLVDTNKTRTTCACSHLTNFAILMAHREIAYKDGVHHLLLTVITWVGIVVSLVCLAICIFTFCFFRGLQSDRNTIHKNLCINLFIAEFIFLIGIDKTKYTIACPVFAGLLHFFFLAAFSWMCLEGVQLYLMLVEVFESEYSRKKYYYVAGYLFPATVVGVSAAIDYKSYGTVQACWLHVDNYFIWSFIGPVTFIILLNIIFLVITLCKMVKHSNTLKPDSSRLENINNYRVCDGYYNTDLPGYEDNKPFIKSWVLGAFALLCLLGLTWSFGLLFVNEETVVMAYLFTAFNAFQGLFIFIFHCALQKKVRKEYGKCFRHWYCCGGLPTESPHSSVKASTTRTSARYSSGTQSRIRRMWNDTVRKQSESSFISGDINSTSTLNQGMTGNYLLTNPLLRPHGTNNPYNTLLAETVVCNAPSAPAFNSPGHSLNNARDTSAMDTLPLNGNFNNSYSLRKADYHDGVQVVDCGLSLNDTAFEKMIISELVHNNLRGGNKTHNLELKLPVKPVIGGSSSEDDAIVADASSLMHGDNPGLEFRHKELEAPLIPQRTHSLLYQPQKKVKPEATDSYVSQLTAEADDHLQSPNRDSLYTSMPNLRDSPYPESSPDMAEDLSPSRRSENEDIYYKSMPNLGAGRHLHMCYQISRGNSDGYIIPINKEGCIPEGDVREGQMQLVTSL","8"
"9","Adgrl3","ENS12","","MTRSVTRTLLRWRTFGVICQMPIRLCLKVFLCPGLLKGVYQSEHLFESDHQSGAWCKDPLQASDKIYYMPWTPYRTDTLTEYSSKDDFIAGRPTTTYKLPHRVDGTGFVVYDGALFFNKERTRNIVKFDLRTRIKSGEAIIANANYHDTSPYRWGGKSDIDLAVDENGLWVIYATEQNNGKIVISQLNPYTLRIEGTWDTAYDKRSASNAFMICGILYVVKSVYEDDDNEATGNKIDYIYNTDQSKDSLVDVPFPNSYQYIAAVDYNPRDNLLYVWNNYHVVKYSLDFGPLDSRSGPVHHGQVSYISPPIHLDSELERPPVRGISTTGSLGMGSTTTSTTLRTTTWNIGRSTTASLPGRRNRSTSTPSPAVEVLDDVTTHLPSAASQIPAMEESCEAVEAREIMWFKTRQGQVAKQPCPAGTIGVSTYLCLAPDGIWDPQGPDLSNCSSPWVNHITQKLKSGETAANIARELAEQTRNHLNAGDITYSVRAMDQLVGLLDVQLRNLTPGGKDSAARSLNKAMVETVNNLLQPQALNAWRDLTTSDQLRAATMLLDTVEESAFVLADNLLKTDIVRENTDNIRK","9"
"10","Adgrl3","ENSMUST00000120673","principal1","MWPPQLLILTMLLAPVVHGGKHNERHPALAAPLRHAERSPGGALPPRHLLQQPAAERSTAHRGQGPRGAARGVRGPGAPGAQIAAQAFSRAPIPMAVVRRELSCESYPIELRCPGTDVIMIESANYGRTDDKICDSDPAQMENIRCYLPDAYKIMSQRCNNRTQCAVVAGPDVFPDPCPGTYKYLEVQYECVPYKVEQKVFLCPGLLKGVYQSEHLFESDHQSGAWCKDPLQASDKIYYMPWTPYRTDTLTEYSSKDDFIAGRPTTTYKLPHRVDGTGFVVYDGALFFNKERTRNIVKFDLRTRIKSGEAIIANANYHDTSPYRWGGKSDIDLAVDENGLWVIYATEQNNGKIVISQLNPYTLRIEGTWDTAYDKRSASNAFMICGILYVVKSVYEDDDNEATGNKIDYIYNTDQSKDSLVDVPFPNSYQYIAAVDYNPRDNLLYVWNNYHVVKYSLDFGPLDSRSGPVHHGQVSYISPPIHLDSELERPPVRGISTTGSLGMGSTTTSTTLRTTTWNIGRSTTASLPGRRNRSTSTPSPAVEVLDDVTTHLPSAASQIPAMEESCEAVEAREIMWFKTRQGQVAKQPCPAGTIGVSTYLCLAPDGIWDPQGPDLSNCSSPWVNHITQKLKSGETAANIARELAEQTRNHLNAGDITYSVRAMDQLVGLLDVQLRNLTPGGKDSAARSLNKLQKRERSCRAYVQAMVETVNNLLQPQALNAWRDLTTSDQLRAATMLLDTVEESAFVLADNLLKTDIVRENTDNIQLEVARLSTEGNLEDLKFPENMGHGSTIQLSANTLKQNGRNGEIRVAFVLYNNLGPYLSTENASMKLGTEAMSTNHSVIVNSPVITAAINKEFSNKVYLADPVVFTVKHIKQSEENFNPNCSFWSYSKRTMTGYWSTQGCRLLTTNKTHTTCSCNHLTNFAVLMAHVEVKHSDAVHDLLLDVITWVGILLSLVCLLICIFTFCFFRGLQSDRNTIHKNLCISLFVAELLFLIGINRTDQPIACAVFAALLHFFFLAAFTWMFLEGVQLYIMLVEVFESEHSRRKYFYLVGYGMPALIVAVSAAVDYRSYGTDKVCWLRLDTYFIWSFIGPATLIIMLNVIFLGIALYKMFHHTAILKPESGCLDNINYEDNRPFIKSWVIGAIALLCLLGLTWAFGLMYINESTVIMAYLFTIFNSLQGMFIFIFHCVLQKKVRKEYGKCLRTHCCSGKSTESSIGSGKTSGSRTPGRYSTGSQSRIRRMWNDTVRKQSESSFITGDINSSASLNRGAMANHLISNALLRPHGTNNPYNTLLGEPAVCNNPSISMYNTQEGLLNNARDTSVMDTLPLNGNHGNSYSIAGGEYLSNCVQIIDRGYNHNETALEKKILKELTSNYIPSYLNNHERSSEQNRNMMNKLVNNLGSGSEDDAIVLDDAASFNHEESLGLELIHEESDAPLLPPRVYSTDNHQPHHYSRRRFPQDHSESFFPLLTDEHTEDLQSPHRDSLYTSMPALAGVPAADSVTTSTQTEAAAAKGGDAEDVYYKSMPNLGSRNHVHPLHAYYQLGRGSSDGFIVPPNKDGASPEGTSKGPAHLVTSL","10"
"11","Cadm1","ENS36","","MHPDLGPLWTLLYVLVILCSSVSSDLAPYFISEPLSAVQKLGRPVVLHCSAKPVTARISWLHNGKRLDRNTEQIKIHRGTLTILSLNPSLSGCYQCVANNSVGAVVSGPATVSAAALGDFDSSTMHVITAEEKNTGFIGCRVPESNPKAEVRYKIRGKWLKHSTGNYIILPSGNLQVLNVSSKDKGSYKCAAYNPVTSELKVEPTGRKLLVSRPSSNGFHILHPALSQALAVLPHSPVTLECVVSGVPASQVYWLKDGQDAVAGSNWRRLYSHLATASIDPADSGNYSCVVGNKSGDVKHVTYMVNVLEHASISKGLHDQKVSLGATVHFTCDVHGNPAPNRTWFHNAQPIHPSSRHLTEGNVLKITRVVMEDSGLYQCVADNGIGFMQSTGRLQIEQDSGWKPVIVTAPANIEVMDGDFVTLSCNATGVPVPVIHWYGRHGLITSHPSQVLRSKPRKSHLFRPGDLDLEPVYLIMSQAGSSSLSIQAVTLEHAGKYTCEATNKHGSTQSEAFLTVVPFETNTKAESVTPSEASQNDERDPQDGSESSLLNLFPVKVHPSGVELPAERNASVPDAPNILSPPQTHMPDTYNLVWRAGRDGGMPINAYFVKYRKLDDGSGAVGSWHTVRVPGSENELHLTELEPSSLYEVLMVARSAVGEGQPAMLTFRTSKEKMASSKNTQASFPPVGVPKRPVTAEASNSNFGVVLTDSSRHSGVENNISQRHQIDLLSLWRRRPQSMSPGFPEQMVALPSPPSRWNING","11"
"12","Cadm1","ENSMUST00000085909","principal3","MASAVLPSGSQCAAAAAVAAAAAPPGLRLRLLLLLLSAAALIPTGDGQNLFTKDVTVIEGEVATISCQVNKSDDSVIQLLNPNRQTIYFRDFRPLKDSRFQLLNFSSSELKVSLTNVSISDEGRYFCQLYTDPPQESYTTITVLVPPRNLMIDIQKDTAVEGEEIEVNCTAMASKPATTIRWFKGNKELKGKSEVEEWSDMYTVTSQLMLKVHKEDDGVPVICQVEHPAVTGNLQTQRYLEVQYKPQVHIQMTYPLQGLTREGDAFELTCEAIGKPQPVMVTWVRVDDEMPQHAVLSGPNLFINNLNKTDNGTYRCEASNIVGKAHSDYMLYVYDPPTTIPPPTTTTTTTTTTTTTILTIITDTTATTEPAVHDSRAGEEGTIGAVDHAVIGGVVAVVVFAMLCLLIILGRYFARHKGTYFTHEAKGADDAADADTAIINAEGGQNNSEEKKEYFI","12"
"13","Cdon","ENS32","","MWWMLVLNSGLCARQDSPSRIASPGPDYILLPSPGNYIILPSGNLQVLNVSSKDKGSYKCAAYNPVTSELKVEPTGRKLLVSRPSSNGFHILHPALSQALAVLPHSPVTLECVVSGVPASQVYWLKDGQDAVAGSNWRRLYSHLATASIDPADSGNYSCVVGNKSGDVKHVTYMVNVLEHASISKGLHDQKVSLGATVHFTCDVHGNPAPNRTWFHNAQPIHPSSRHLTEGNVLKITRVVMEDSGLYQCVADNGIGFMQSTGRLQIEQDSGWKPVIVTAPANIEVMDGDFVTLSCNATGVPVPVIHWYGRHGLITSHPSQVLRSKPRKSHLFRPGDLDLEPVYLIMSQAGSSSLSIQAVTLEHAGKYTCEATNKHGSTQSEAFLTVGESFSAFFSSVEQCPF","13"
"14","Cdon","ENSMUST00000042842","principal1","MHPDLGPLWTLLYVLVILCSSVSSDLAPYFISEPLSAVQKLGRPVVLHCSAKPVTARISWLHNGKRLDRNTEQIKIHRGTLTILSLNPSLSGCYQCVANNSVGAVVSGPATVSAAALGDFDSSTMHVITAEEKNTGFIGCRVPESNPKAEVRYKIRGKWLKHSTGNYIILPSGNLQVLNVSSKDKGSYKCAAYNPVTSELKVEPTGRKLLVSRPSSNGFHILHPALSQALAVLPHSPVTLECVVSGVPASQVYWLKDGQDAVAGSNWRRLYSHLATASIDPADSGNYSCVVGNKSGDVKHVTYMVNVLEHASISKGLHDQKVSLGATVHFTCDVHGNPAPNRTWFHNAQPIHPSSRHLTEGNVLKITRVVMEDSGLYQCVADNGIGFMQSTGRLQIEQDSGWKPVIVTAPANIEVMDGDFVTLSCNATGVPVPVIHWYGRHGLITSHPSQVLRSKPRKSHLFRPGDLDLEPVYLIMSQAGSSSLSIQAVTLEHAGKYTCEATNKHGSTQSEAFLTVVPFETNTKAESVTPSEASQNDERDPQDGSESSLLNLFPVKVHPSGVELPAERNASVPDAPNILSPPQTHMPDTYNLVWRAGRDGGMPINAYFVKYRKLDDGSGAVGSWHTVRVPGSENELHLTELEPSSLYEVLMVARSAVGEGQPAMLTFRTSKEKMASSKNTQASFPPVGVPKRPVTAEASNSNFGVVLTDSSRHSGVPEAPDRPTISMASETSVYVTWIPRANGGSPITAFKVEYKRMRTSDWLVAAEDIPPSKLSVEVRSLEPGSIYKFRVIAINHYGESFRSSASRPYQVAGFPNRFSNRPITGPHIAYTEAVSDTQIMLKWTYVPSSNNNTPIQGFYIYYRPTDSDNDSDYKRDVVEGSKQWHTIGHLQPETSYDIKMQCFNEGGESEFSNVMICETKVKRVPGASDYPVKELSTPPSSSGNAGNVGPATSPARSSDMLYLIVGCVLGVMVLILMVFIALCLWKSRQQSTIQKYDPPGYLYQGSEINGQMVEYTTLSGAARINGSVHGGFLSNGCSHLHHKGPSGVNGTLSGNINGGLYSAHTNSLTRACVEFEHPHHLVNSGGVYTAVPQMDPLECINCRNCRNNNRCFTKTNSPLPVVPVVASYPQGGLEMKPLNAMKVPVCPASTVPDHGQLPDDCVKDSVAPIPTQHTCCQDNISDINSDSTEDTAEFSRGDSSGHSEAEDKVFSWNPLILSPVLEDCGEKTARSPPGPPLDGLSVVLQQAQET","14"
"15","Cdon","ENSMUST00000119129","principal1","MHPDLGPLWTLLYVLVILCSSVSSDLAPYFISEPLSAVQKLGRPVVLHCSAKPVTARISWLHNGKRLDRNTEQIKIHRGTLTILSLNPSLSGCYQCVANNSVGAVVSGPATVSAAALGDFDSSTMHVITAEEKNTGFIGCRVPESNPKAEVRYKIRGKWLKHSTGNYIILPSGNLQVLNVSSKDKGSYKCAAYNPVTSELKVEPTGRKLLVSRPSSNGFHILHPALSQALAVLPHSPVTLECVVSGVPASQVYWLKDGQDAVAGSNWRRLYSHLATASIDPADSGNYSCVVGNKSGDVKHVTYMVNVLEHASISKGLHDQKVSLGATVHFTCDVHGNPAPNRTWFHNAQPIHPSSRHLTEGNVLKITRVVMEDSGLYQCVADNGIGFMQSTGRLQIEQDSGWKPVIVTAPANIEVMDGDFVTLSCNATGVPVPVIHWYGRHGLITSHPSQVLRSKPRKSHLFRPGDLDLEPVYLIMSQAGSSSLSIQAVTLEHAGKYTCEATNKHGSTQSEAFLTVVPFETNTKAESVTPSEASQNDERDPQDGSESSLLNLFPVKVHPSGVELPAERNASVPDAPNILSPPQTHMPDTYNLVWRAGRDGGMPINAYFVKYRKLDDGSGAVGSWHTVRVPGSENELHLTELEPSSLYEVLMVARSAVGEGQPAMLTFRTSKEKMASSKNTQASFPPVGVPKRPVTAEASNSNFGVVLTDSSRHSGVPEAPDRPTISMASETSVYVTWIPRANGGSPITAFKVEYKRMRTSDWLVAAEDIPPSKLSVEVRSLEPGSIYKFRVIAINHYGESFRSSASRPYQVAGFPNRFSNRPITGPHIAYTEAVSDTQIMLKWTYVPSSNNNTPIQGFYIYYRPTDSDNDSDYKRDVVEGSKQWHTIGHLQPETSYDIKMQCFNEGGESEFSNVMICETKVKRVPGASDYPVKELSTPPSSSGNAGNVGPATSPARSSDMLYLIVGCVLGVMVLILMVFIALCLWKSRQQSTIQKYDPPGYLYQGSEINGQMVEYTTLSGAARINGSVHGGFLSNGCSHLHHKGPSGVNGTLSGNINGGLYSAHTNSLTRACVEFEHPHHLVNSGGVYTAVPQMDPLECINCRNCRNNNRCFTKTNSPLPVVPVVASYPQGGLEMKPLNAMKVPVCPASTVPDHGQLPDDCVKDSVAPIPTQHTCCQDNISDINSDSTEDTAEFSRGDSSGHSEAEDKVFSWNPLILSPVLEDCGEKTARSPPGPPLDGLSVVLQQAQET","15"
"16","Crb1","ENS1","","MKLKRTAYLLFLYLSSSLLICIKNSFCNKNNTRCLSGPCQNNSTCKHFPQDNNCCLDTANNLDKDCEDLKDPCFSSPCQGIATCVKIPGEGNFLCQCPPGYSGLNCETATNSCGGNLCQHGGTCRKDPEHPVCICPPGYAGRFCETDHNECASSPCHNGAMCQDGINGYSCFCVPGYQGRHCDLEVDECVSDPCKNEAVCLNEIGRYTCVCPQEFSGVNCELEIDECRSQPCLHGATCQDAPGGYSCDCAPGFLGEHCELSVNECESQPCLHGGLCVDGRNSYHCDCTGSGFTGMHCESLIPLCWSKPCHNDATCEDTVDSYICHCRPGYTGALCETDINECSSNPCQFWGECVELSSEGLYGNTAGLPSSFSYVGASGYVCICQPGFTGIHCEEDVDECLLHPCLNGGTCENLPGNYACHCPFDDTSRTFYGGENCSEILLGCTHHQCLNNGKCIPHFQNGQHGFTCQCLSGYAGPLCETVTTLSFGSNGFLWVTSGSHTGIGPECNISLRFHTVQPNALLLIRGNKDVSMKLELLNGCVHLSIEVWNQLKVLLSISHNTSDGEWHFVEVTIAETLTLALVGGSCKEKCTTKSSVPVENHQSICALQDSFLGGLPMGTANNSVSVLNIYNVPSTPSFVGCLQDIRFDLNHITLENVSSGLSSNVKAGCLGKDWCESQPCQNRGRCINLWQGYQCECDRPYTGSNCLKGERSGVPQSAVPLSRAISNHPGCRPLLGNIRTPQDLCWYLFTNEIKWHSHDMY","16"
"17","Crb1","ENS2","","MNADPSLVSTVPHVRTLQGATPVTVHLDSLESTVNSALMNVKVSRVSMEVYVWMEETGIHCEEDVDECLLHPCLNGGTCENLPGNYACHCPFDDTSRTFYGGENCSEILLGCTHHQCLNNGKCIPHFQNGQHGFTCQCLSGYAGPLCETVTTLSFGSNGFLWVTSGSHTGIGPECNISLRFHTVQPNALLLIRGNKDVSMKLELLNGCVHLSIEVWNQLKVLLSISHNTSDGEWHFVEVTIAETLTLALVGGSCKEKCTTKSSVPVENHQSICALQDSFLGGLPMGTANNSVSVLNIYNVPSTPSFVGCLQDIRFDLNHITLENVSSGLSSNVKAGCLGKDWCESQPCQNRGRCINLWQGYQCECDRPYTGSNCLKEYVAGRFGQDDSTGYAAFSVNDNYGQNFSLSMFVRTRQPLGLLLALENSTYQYVSVWLEHGSLALQTPGSPKFMVNFFLSDGNVHLISLRIKPNEIELYQSSQNLGFISVPTWTIRRGDVIFIGGLPDREKTEVYGGFFKGCVQDVRLNSQTLEFFPNSTNNAYDDPILVNVTQGCPGDNTCKSNPCHNGGVCHSLWDDFSCSCPTNTAGRACEQVQWCQLSPCPPTAECQLLPQGFECIANAVFSGLSREILFRSNGNITRELTNITFAFRTHDTNVMILHAEKEPEFLNISIQDARLFFQLRSGNSFYTLHLMGSQLVNDGTWHQVTFSMIDPVAQTSRWQMEVNDQTPFVISEVATGSLNFLKDNTDIYVGDQSVDNPKGLQGCLSTIEIGGIYLSYFENLHGFPGKPQEEQFLKVSTNMVLTGCLPSNACHSSPCLHGGNCEDSYSSYRCACLSGWSGTHCEINIDECFSSPCIHGNCSDGVAAYHCRCEPGYTGVNCEVDVDNCKSHQCANGATCVPEAHGYSCLCFGNFTGRFCRHSRLPSTVCGNEKRNFTCYNGGSCSMFQEDWQCMCWPGFTGEWCEEDINECASDPCINGGLCRDLVNRFLCICDVAFAGERCELDLADDRLLGIFTAVGSGTLALFFILLLAGVASLIASNKRATQGTYSPSGQEKAGPRVEMWIRMPPPALERLI","17"
"18","Crb1","ENSMUST00000059825","principal1","MKLKRTAYLLFLYLSSSLLICIKNSFCNKNNTRCLSGPCQNNSTCKHFPQDNNCCLDTANNLDKDCEDLKDPCFSSPCQGIATCVKIPGEGNFLCQCPPGYSGLNCETATNSCGGNLCQHGGTCRKDPEHPVCICPPGYAGRFCETDHNECASSPCHNGAMCQDGINGYSCFCVPGYQGRHCDLEVDECVSDPCKNEAVCLNEIGRYTCVCPQEFSGVNCELEIDECRSQPCLHGATCQDAPGGYSCDCAPGFLGEHCELSVNECESQPCLHGGLCVDGRNSYHCDCTGSGFTGMHCESLIPLCWSKPCHNDATCEDTVDSYICHCRPGYTGALCETDINECSSNPCQFWGECVELSSEGLYGNTAGLPSSFSYVGASGYVCICQPGFTGIHCEEDVDECLLHPCLNGGTCENLPGNYACHCPFDDTSRTFYGGENCSEILLGCTHHQCLNNGKCIPHFQNGQHGFTCQCLSGYAGPLCETVTTLSFGSNGFLWVTSGSHTGIGPECNISLRFHTVQPNALLLIRGNKDVSMKLELLNGCVHLSIEVWNQLKVLLSISHNTSDGEWHFVEVTIAETLTLALVGGSCKEKCTTKSSVPVENHQSICALQDSFLGGLPMGTANNSVSVLNIYNVPSTPSFVGCLQDIRFDLNHITLENVSSGLSSNVKAGCLGKDWCESQPCQNRGRCINLWQGYQCECDRPYTGSNCLKEYVAGRFGQDDSTGYAAFSVNDNYGQNFSLSMFVRTRQPLGLLLALENSTYQYVSVWLEHGSLALQTPGSPKFMVNFFLSDGNVHLISLRIKPNEIELYQSSQNLGFISVPTWTIRRGDVIFIGGLPDREKTEVYGGFFKGCVQDVRLNSQTLEFFPNSTNNAYDDPILVNVTQGCPGDNTCKSNPCHNGGVCHSLWDDFSCSCPTNTAGRACEQVQWCQLSPCPPTAECQLLPQGFECIANAVFSGLSREILFRSNGNITRELTNITFAFRTHDTNVMILHAEKEPEFLNISIQDARLFFQLRSGNSFYTLHLMGSQLVNDGTWHQVTFSMIDPVAQTSRWQMEVNDQTPFVISEVATGSLNFLKDNTDIYVGDQSVDNPKGLQGCLSTIEIGGIYLSYFENLHGFPGKPQEEQFLKVSTNMVLTGCLPSNACHSSPCLHGGNCEDSYSSYRCACLSGWSGTHCEINIDECFSSPCIHGNCSDGVAAYHCRCEPGYTGVNCEVDVDNCKSHQCANGATCVPEAHGYSCLCFGNFTGRFCRHSRLPSTVCGNEKRNFTCYNGGSCSMFQEDWQCMCWPGFTGEWCEEDINECASDPCINGGLCRDLVNRFLCICDVAFAGERCELDLADDRLLGIFTAVGSGTLALFFILLLAGVASLIASNKRATQGTYSPSGQEKAGPRVEMWIRMPPPALERLI","18"
"19","Dscam","ENS34","","MWILALSLFQSFANVFSEEPHSSLYFVNASLQEVVFASTSGTLVPCPAAGIPPVTLRWYLATGEEIYDVPGIRHVHPNGTLQIFPFPPSSFSTLIHDNTYYCTAENPSGKIRSQDVHIKAVLREPYTVRVEDQKTMRGNVAVFKCIIPSSVEAYVTVVSWEKDTVSLVSGSRFLITSTGALYIKDVQNEDGLYNYRCITRHRYTGETRQSNSARLFVSDPANSAPSILDGFDHRKAMAGQRVELPCKALGHPEPDYRWLKDNMPLELSGRFQKTVTGLLIENSRPSDSGSYVCEVSNRYGTAKVIGRLYVKQPLKATISPRKVKSSVGSQVSLSCSVTGNEDQELSWYRNGEILNPGKNVRITGLNHANLIMDHMVKSDGGAYQCFVRKDKLSAQDYVQVVLEDGTPKIISAFSEKVVSPAEPVSLVCNVKGTPLPTVTWTLDDDPILKGSGHRISQMITSEGNVVSYLNISSSQVRDGGVYRCTANNSAGVVLYQARINVRGPASIRPMKNITAIAGRDTYIHCRVIGYPYYSIKWYKNANLLPFNHRQVAFENNGTLKLSDVQKEVDEGEYTCNVLVQPQLSTSQSVHVTVKVPPFIQPFEFPRFSIGQRVFIPCVVVSGDLPITITWQKDGRPIPASLGVTIDNIDFTSSLRISNLSLMHNGNYTCIARNEAAAVEHQSQLIVRVPPKFVVQPRDQDGIYGKAVILNCSAEGYPVPTIVWKFSKGAGVPQFQPIALNGRIQVLSNGSLLIKHVVEEDSGYYLCKVSNDVGADVSKSMYLTVKIPAMITSYPNTTLATQGQRKEMSCTAHGEKPIIVRWEKEDRIINPEMARYLVSTKEVGEEVISTLQILPTVREDSGFFSCHAINSYGEDRGIIQLTVQEPPDPPEIEIKDVKARTITLRWTMGFDGNSPITGYDIECKNKSDSWDSAQRTKDVSPQLNSATIIDIHPSSTYSIRMYAKNRIGKSEPSNEITITADEAAPDGPPQEVHLEPTSSQSIRVTWKAPKKHLQNGIIRGYQIGYREYSTGGNFQFNIISIDTTGDSEVYTLDNLNKFTQYGLVVQACNRAGTGPSSQEIITTTLEDVPSYPPENVQAIATSPESISISWSTLSKEALNGILQGFRVIYWANLIDGELGEIKNVTTTQPSLELDGLEKYTNYSIQVLAFTRAGDGVRSEQIFTRTKEDVPGPPAGVKAAAASASMVFVSWLPPLKLNGIIRKYTVFCSHPYPTVISEFEASPDSFSYRIPNLSRNRQYSVWVVAVTSAGRGNSSEIITVEPLAKAPARILTFSGTVTTPWMKDIVLPCKAVGDPSPAVKWMKDSNGTPSLVTIDGRRSIFSNGSFIIRTVKAEDSGYYSCVANNNWGSDEIILNLQVQVPPDQPRLTVSKTTSSSITLSWLPGDNGGSSIRGYILQYSEDNSEQWGSFPISPSERSYRLENLKCGTWYKFTLTAQNGVGPGRISEIIEAKTLGKEPQFSKEQELFASINTTRVRLNLIGWNDGGCPITSFTLEYRPFGTTVWTTAQRTSLSKSYILYDLQEATWYELQMRVCNSAGCAEKQANFATLNYDGSKLTASWRSCLWLGDVHTYTIHSPTRHLSLPQSEQCLHSTLGFGPLSPLSAGSLVRCTQMTTSVCLE","19"
"20","Dscam","ENSMUST00000056102","principal1","MWILALSLFQSFANVFSEEPHSSLYFVNASLQEVVFASTSGTLVPCPAAGIPPVTLRWYLATGEEIYDVPGIRHVHPNGTLQIFPFPPSSFSTLIHDNTYYCTAENPSGKIRSQDVHIKAVLREPYTVRVEDQKTMRGNVAVFKCIIPSSVEAYVTVVSWEKDTVSLVSGSRFLITSTGALYIKDVQNEDGLYNYRCITRHRYTGETRQSNSARLFVSDPANSAPSILDGFDHRKAMAGQRVELPCKALGHPEPDYRWLKDNMPLELSGRFQKTVTGLLIENSRPSDSGSYVCEVSNRYGTAKVIGRLYVKQPLKATISPRKVKSSVGSQVSLSCSVTGNEDQELSWYRNGEILNPGKNVRITGLNHANLIMDHMVKSDGGAYQCFVRKDKLSAQDYVQVVLEDGTPKIISAFSEKVVSPAEPVSLVCNVKGTPLPTVTWTLDDDPILKGSGHRISQMITSEGNVVSYLNISSSQVRDGGVYRCTANNSAGVVLYQARINVRGPASIRPMKNITAIAGRDTYIHCRVIGYPYYSIKWYKNANLLPFNHRQVAFENNGTLKLSDVQKEVDEGEYTCNVLVQPQLSTSQSVHVTVKVPPFIQPFEFPRFSIGQRVFIPCVVVSGDLPITITWQKDGRPIPASLGVTIDNIDFTSSLRISNLSLMHNGNYTCIARNEAAAVEHQSQLIVRVPPKFVVQPRDQDGIYGKAVILNCSAEGYPVPTIVWKFSKGAGVPQFQPIALNGRIQVLSNGSLLIKHVVEEDSGYYLCKVSNDVGADVSKSMYLTVKIPAMITSYPNTTLATQGQRKEMSCTAHGEKPIIVRWEKEDRIINPEMARYLVSTKEVGEEVISTLQILPTVREDSGFFSCHAINSYGEDRGIIQLTVQEPPDPPEIEIKDVKARTITLRWTMGFDGNSPITGYDIECKNKSDSWDSAQRTKDVSPQLNSATIIDIHPSSTYSIRMYAKNRIGKSEPSNEITITADEAAPDGPPQEVHLEPTSSQSIRVTWKAPKKHLQNGIIRGYQIGYREYSTGGNFQFNIISIDTTGDSEVYTLDNLNKFTQYGLVVQACNRAGTGPSSQEIITTTLEDVPSYPPENVQAIATSPESISISWSTLSKEALNGILQGFRVIYWANLIDGELGEIKNVTTTQPSLELDGLEKYTNYSIQVLAFTRAGDGVRSEQIFTRTKEDVPGPPAGVKAAAASASMVFVSWLPPLKLNGIIRKYTVFCSHPYPTVISEFEASPDSFSYRIPNLSRNRQYSVWVVAVTSAGRGNSSEIITVEPLAKAPARILTFSGTVTTPWMKDIVLPCKAVGDPSPAVKWMKDSNGTPSLVTIDGRRSIFSNGSFIIRTVKAEDSGYYSCVANNNWGSDEIILNLQVQVPPDQPRLTVSKTTSSSITLSWLPGDNGGSSIRGYILQYSEDNSEQWGSFPISPSERSYRLENLKCGTWYKFTLTAQNGVGPGRISEIIEAKTLGKEPQFSKEQELFASINTTRVRLNLIGWNDGGCPITSFTLEYRPFGTTVWTTAQRTSLSKSYILYDLQEATWYELQMRVCNSAGCAEKQANFATLNYDGSTIPPLIKSVVQSEEGLTTNEGLKILVTISCILVGVLLLFVLLLVVRRRRREQRLKRLRDAKSLAEMLMSKNTRTSDTLSKQQQTLRMHIDIPRAQLLIEERDTMETIDDRSTVLLTDADFGEAAKQKSLTVTHTVHYQSVSQATGPLVDVSDARPGTNPTTRRNAKAGPTARNRYASQWTLNRPHPTISAHTLTTDWRLPTPRATGSVDKESDSYSVSPSQDTDRARSSMVSTESASSTYEELARAYEHAKMEEQLRHAKFTITECFISDTSSEQLTAGTNEYTDSLTSSTPSESGICRFTASPPKPQDGGRVVNMAVPKAHRPGDLIHLPPYLRMDFLLNRGAPGTSRDLSLGQACLEPQKSRTLKRPTVLEPTPMEASSSTSSTREGQQSWQQGAVATLPQREGAELGQAAKMSSSQESLLDSRGHLKGNNPYAKSYTLV","20"
"21","Egflam","ENS35","","MDSMVIKGLDPDTNYQFAVKAMNAHGFSPRSWPSNTVRTLGPGEAGSGHYGPGYITNPGVSEDDDGSEDELDLDVSFEEVKPLPATKVGNKKFSVESKKTSVSNSVMGSRLAQPTSASLHETTVAIPPTPAQRKGKNSVAMMSRLFDMSCDETLCSADSFCVNDYAWGGSRCHCNLGKGGEACSEDIFIQYPQFFGHSYVTFEPLKNSYQAFQVTLEFRAEAEDGLLLYCGESEHGRGDFMSLALIRRSLHFRFNCGTGIAIIISETKIKLGAWHTVTLYRDGLNGMLQLNNGTPVTGQSQGQYSKITFRTPLYLGGAPSAYWLVRATGTNRGFQGCVQSLSVNGKKIDMRPWPLGKALNGADVGECSSGICDEASCIHGGTCAAIKADSYICLCPLGFRGRHCEDAFALTIPQFRESLRSYAATPWPLEPQHYLSFTEFEITFRPDSGDGVLLYSYDTGSKDFLSINMAAGHVEFRFDCGSGTGVLRSEAPLTLGQWHDLRVSRTAKNGILQVDKQKVVEGMAEGGFTQIKCNTDIFIGGVPNYDDVKKNSGILHPFSGSIQKIILNDRTIHVKHDFTSGVNVENAAHPCVGAPCAHGGSCRPRKEGYECDCPLGFEGLNCQKECGNHCLNTIIEAIEIPQFIGRSYLTYDNPNILKRAWKNVTCPWGFQGSRLRGRRNWMPLELEYDHIRHPHL","21"
"22","Egflam","ENSMUST00000058593","principal3","MDLISTFSLHFLLLACSLPPGAVSLRTALRKSGKVGPPLDIKLGALNCTAFSIQWKTPKRSGSSIIGYTVFYSEVGSDKSLRERSHNVPVGQDTLITEEVIGDLKPGTEYQVSVAAYSQTGKGRLSFPRHVTTLSQDSCLPPAAPQQPHVLVVSDSEVALSWRPGENEGSAPIQSYSVEFIRPDFDKSWTIIQERLQMDSMVIKGLDPDTNYQFAVKAMNAHGFSPRSWPSNTVRTLGPGEAGSGHYGPGYITNPGVSEDDDGSEDELDLDVSFEEVKPLPATKVGNKKFSVESKKTSVSNSVMGSRLAQPTSASLHETTVAIPPTPAQRKGKNSVAMMSRLFDMSCDETLCSADSFCVNDYAWGGSRCHCNLGKGGEACSEDIFIQYPQFFGHSYVTFEPLKNSYQAFQVTLEFRAEAEDGLLLYCGESEHGRGDFMSLALIRRSLHFRFNCGTGIAIIISETKIKLGAWHTVTLYRDGLNGMLQLNNGTPVTGQSQGQYSKITFRTPLYLGGAPSAYWLVRATGTNRGFQGCVQSLSVNGKKIDMRPWPLGKALNGADVGECSSGICDEASCIHGGTCAAIKADSYICLCPLGFRGRHCEDAFALTIPQFRESLRSYAATPWPLEPQHYLSFTEFEITFRPDSGDGVLLYSYDTGSKDFLSINMAAGHVEFRFDCGSGTGVLRSEAPLTLGQWHDLRVSRTAKNGILQVDKQKVVEGMAEGGFTQIKCNTDIFIGGVPNYDDVKKNSGILHPFSGSIQKIILNDRTIHVKHDFTSGVNVENAAHPCVGAPCAHGGSCRPRKEGYECDCPLGFEGLNCQKAIIEAIEIPQFIGRSYLTYDNPNILKRVSGSRSNAFMRFKTTAKDGLLLWRGDSPMRPNSDFISLGLRDGALIFSYNLGSGVASIMVNGSFSDGRWHRVKAVRDGQSGKITVDDYGARTGKSPGLMRQLNINGALYVGGMKEIALHTNRQYLRGLVGCISHFTLSTDYHISLVEDAVDGKNINTCGAK","22"
"23","Igsf9","ENS3","","MIWCLRLTVLSLIISQGADGRRKPEVVSVVGRAGESAVLGCDLLPPAGHPPLHVIEWLRFGFLLPIFIQFGLYSPRIDPDYVGRVRLQTGASLQIEGLRVEDQGWYECRVLFLDQHSPEQDFANGSWVHLTVNSPPQFQETPPLVLEVKELEAVTLRCVARGSPQPYVTWKFRGQDLGKGQGQVQVQNGTLWIRRVERGSAGDYTCQASSSEGSITHATQLLVLGPPVIVVPPSNSTVNSSQDVSLACRAEAYPANLTYSWFQDGVNVFHISRLQSRVRILVDGSLWLQATQPDDAGHYTCVPSNGFLHPPSASAYLTVLYPAQVTVMPPETPLPTGMRGVIRCPVRANPPLLFVTWTKDGQALQLDKFPGWSLGPEGSLIIALGNENALGEYSCTPYNSLGTAGPSPVTQVLLKAPPAFIDQPKEEYFQEVGRELLIPCSARGDPPPIVSWAKVRLPGPDSALPGSVPTLSLAVFLERRFRFSQATWGGAQVTWRDEWPPW","23"
"24","Igsf9","ENS5","","MKVAGGPMGILRPLILSPRPGLEVYPSRTQLPGLLPQPVLAGVVGGVCFLGVAVLVSILAACLMNRRRAARRHRKRLRQDPPLIFSPRGKSGSHSAPGSGSPDSVTKFKLQGSPVPSLRQSLLWGEPARPPSPHPDSPLGRGPLPLEPICRGPDGRFVMGPTVAPSQEKLCLERSEPRTSAKRLAQSFDCSSSSPSGVPQPLCITDISPVGQPLAAVPSPLPGPGPLLQYLSLPFFREMNVDGDWPPLEEPTPAPPPDFMDSQPCPTSSFLPPPDSPPANLRAVLPGTLMGVGVSSEPPYTALADWTLRERVLPGLLSAAPRGSLTSQSSGRGSASFLRPPSTAPSAGGSYLSPAPGDTSSWASGPERWPRREHVVTVSKRRNTSVDENYEWDSEFPGDMELLETWHPGLASSRTHPELEPELGVKTPEESCLLNPTHAAGPEARCAALREEFLAFRRRRDATRARLPAYQQSISYPEQATLL","24"
"25","Igsf9","ENS6","","MIWCLRLTVLSLIISQGADGRRKPEVVSVVGRAGESAVLGCDLLPPAGHPPLHVIEWLRFGFLLPIFIQFGLYSPRIDPDYVGRVRLQTGASLQIEGLRVEDQGWYECRVLFLDQHSPEQDFANGSWVHLTVNSPPQFQETPPLVLEVKELEAVTLRCVARGSPQPYVTWKFRGQDLGKGQGQVQVQNGTLWIRRVERGSAGDYTCQASSSEGSITHATQLLVLGPPVIVVPPSNSTVNSSQDVSLACRAEAYPANLTYSWFQDGVNVFHISRLQSRVRILVDGSLWLQATQPDDAGHYTCVPSNGFLHPPSASAYLTVLYPAQVTVMPPETPLPTGMRGVIRCPVRANPPLLFVTWTKDGQALQLDKFPGWSLGPEGSLIIALGNENALGEYSCTPYNSLGTAGPSPVTQVLLKAPPAFIDQPKEEYFQEVGRELLIPCSARGDPPPIVSWAKVGRGLQGQAQVDSNNSLVLRPLTKEAQGRWECSASNAVARVTTSTNVYVLGTSPHVVTNVSVVPLPKGANVSWEPGFDGGYLQRFSVWYTPLAKRPDRAHHDWVSLAVPIGATHLLVPGLQAHAQYQFSVLAQNKLGSGPFSEIVLSIPEGLPTTPAAPGLPPTEIPPPLSPPRGLVAVRTPRGVLLHWDPPELIPGRLDGYILEGRQGSQGWEILDQGVAGTEIQLLVPGLIKVRAGGNIAREGPVSSSFLIPSSHPDLAIFTSCPTSFLPPNCSLHKRDYGGQCWS","25"
"26","Igsf9","ENS4","","MIWCLRLTVLSLIISQGADGRRKPEVVSVVGRAGESAVLGCDLLPPAGHPPLHVIEWLRFGFLLPIFIQFGLYSPRIDPDYVGRVRLQTGASLQIEGLRVEDQGWYECRVLFLDQHSPEQDFANGSWVHLTVNSPPQFQETPPLVLEVKELEAVTLRCVARGSPQPYVTWKFRGQDLGKGQGQVQVQNGTLWIRRVERGSAGDYTCQASSSEGSITHATQLLVLGPPVIVVPPSNSTVNSSQDVSLACRAEAYPANLTYSWFQDGVNVFHISRLQSRVRILVDGSLWLQATQPDDAGHYTCVPSNGFLHPPSASAYLTVLYPAQVTVMPPETPLPTGMRGVIRCPVRANPPLLFVTWTKDGQALQLDKFPGWSLGPEGSLIIALGNENALGEYSCTPYNSLGTAGPSPVTQVLLKAPPAFIDQPKEEYFQEVGRELLIPCSARGDPPPIVSWAKVRLPGPDSALPGSVPTLSLAVFLERRFRFSQATWGGAQVTWRDEWPPW","26"
"27","Igsf9","ENSMUST00000111235","principal1","MIWCLRLTVLSLIISQGADGRRKPEVVSVVGRAGESAVLGCDLLPPAGHPPLHVIEWLRFGFLLPIFIQFGLYSPRIDPDYVGRVRLQTGASLQIEGLRVEDQGWYECRVLFLDQHSPEQDFANGSWVHLTVNSPPQFQETPPLVLEVKELEAVTLRCVARGSPQPYVTWKFRGQDLGKGQGQVQVQNGTLWIRRVERGSAGDYTCQASSSEGSITHATQLLVLGPPVIVVPPSNSTVNSSQDVSLACRAEAYPANLTYSWFQDGVNVFHISRLQSRVRILVDGSLWLQATQPDDAGHYTCVPSNGFLHPPSASAYLTVLYPAQVTVMPPETPLPTGMRGVIRCPVRANPPLLFVTWTKDGQALQLDKFPGWSLGPEGSLIIALGNENALGEYSCTPYNSLGTAGPSPVTQVLLKAPPAFIDQPKEEYFQEVGRELLIPCSARGDPPPIVSWAKVGRGLQGQAQVDSNNSLVLRPLTKEAQGRWECSASNAVARVTTSTNVYVLGTSPHVVTNVSVVPLPKGANVSWEPGFDGGYLQRFSVWYTPLAKRPDRAHHDWVSLAVPIGATHLLVPGLQAHAQYQFSVLAQNKLGSGPFSEIVLSIPEGLPTTPAAPGLPPTEIPPPLSPPRGLVAVRTPRGVLLHWDPPELIPGRLDGYILEGRQGSQGWEILDQGVAGTEIQLLVPGLIKDVLYEFRLVAFADSYVSDPSNVANISTSGLEVYPSRTQLPGLLPQPVLAGVVGGVCFLGVAVLVSILAACLMNRRRAARRHRKRLRQDPPLIFSPRGKSGSHSAPGSGSPDSVTKFKLQGSPVPSLRQSLLWGEPARPPSPHPDSPLGRGPLPLEPICRGPDGRFVMGPTVAPSQEKLCLERSEPRTSAKRLAQSFDCSSSSPSGVPQPLCITDISPVGQPLAAVPSPLPGPGPLLQYLSLPFFREMNVDGDWPPLEEPTPAPPPDFMDSQPCPTSSFLPPPDSPPANLRAVLPGTLMGVGVSSEPPYTALADWTLRERVLPGLLSAAPRGSLTSQSSGRGSASFLRPPSTAPSAGGSYLSPAPGDTSSWASGPERWPRREHVVTVSKRRNTSVDENYEWDSEFPGDMELLETWHPGLASSRTHPELEPELGVKTPEESCLLNPTHAAGPEARCAALREEFLAFRRRRDATRARLPAYQQSISYPEQATLL","27"
"28","Igsf9","ENSMUST00000052629","principal1","MIWCLRLTVLSLIISQGADGRRKPEVVSVVGRAGESAVLGCDLLPPAGHPPLHVIEWLRFGFLLPIFIQFGLYSPRIDPDYVGRVRLQTGASLQIEGLRVEDQGWYECRVLFLDQHSPEQDFANGSWVHLTVNSPPQFQETPPLVLEVKELEAVTLRCVARGSPQPYVTWKFRGQDLGKGQGQVQVQNGTLWIRRVERGSAGDYTCQASSSEGSITHATQLLVLGPPVIVVPPSNSTVNSSQDVSLACRAEAYPANLTYSWFQDGVNVFHISRLQSRVRILVDGSLWLQATQPDDAGHYTCVPSNGFLHPPSASAYLTVLYPAQVTVMPPETPLPTGMRGVIRCPVRANPPLLFVTWTKDGQALQLDKFPGWSLGPEGSLIIALGNENALGEYSCTPYNSLGTAGPSPVTQVLLKAPPAFIDQPKEEYFQEVGRELLIPCSARGDPPPIVSWAKVGRGLQGQAQVDSNNSLVLRPLTKEAQGRWECSASNAVARVTTSTNVYVLGTSPHVVTNVSVVPLPKGANVSWEPGFDGGYLQRFSVWYTPLAKRPDRAHHDWVSLAVPIGATHLLVPGLQAHAQYQFSVLAQNKLGSGPFSEIVLSIPEGLPTTPAAPGLPPTEIPPPLSPPRGLVAVRTPRGVLLHWDPPELIPGRLDGYILEGRQGSQGWEILDQGVAGTEIQLLVPGLIKDVLYEFRLVAFADSYVSDPSNVANISTSGLEVYPSRTQLPGLLPQPVLAGVVGGVCFLGVAVLVSILAACLMNRRRAARRHRKRLRQDPPLIFSPRGKSGSHSAPGSGSPDSVTKFKLQGSPVPSLRQSLLWGEPARPPSPHPDSPLGRGPLPLEPICRGPDGRFVMGPTVAPSQEKLCLERSEPRTSAKRLAQSFDCSSSSPSGVPQPLCITDISPVGQPLAAVPSPLPGPGPLLQYLSLPFFREMNVDGDWPPLEEPTPAPPPDFMDSQPCPTSSFLPPPDSPPANLRAVLPGTLMGVGVSSEPPYTALADWTLRERVLPGLLSAAPRGSLTSQSSGRGSASFLRPPSTAPSAGGSYLSPAPGDTSSWASGPERWPRREHVVTVSKRRNTSVDENYEWDSEFPGDMELLETWHPGLASSRTHPELEPELGVKTPEESCLLNPTHAAGPEARCAALREEFLAFRRRRDATRARLPAYQQSISYPEQATLL","28"
"29","Ncam1","ENS28","","MQLKIMPKKKHLSAGGVPLILFLCQMISALDVPLDLVQPPTITQQSPKDYIIDPRENIVIQCEAKGKPPPSFSWTRNGTHFDIDKDPLVTMKPGSGTLVINIMSEGKAETYEGVYQCTARNERGAAVSNNIVVRPSRSPLWTKERLEPIVLQNGQSLVLPCRPPIGLPPAIIFWMDNSFQRLPQSERVSQGLNGDLYFSNVLPEDTREDYICYARFNHTQTIQQKQPISLKVISVDELNDTIAANLSDTEFYGAKSSKERPPTFLTPEGNESHKEELRGNVLSLECIAEGLPTPIIYWIKEDGMLPANRTFYRNFKKTLQITHVSEADSGNYQCIAKNALGAVHHTISVTVKAAPYWIVAPQNLVLSPGENGTLICRANGNPKPRISWLTNGVPIEIALDDPSRKIDGDTIIFSNVQESSSAVYQCNASNKYGYLLANAFVNVLAEPPRILTSANTLYQVIANRPALLDCAFFGSPMPTIEWFKGTKGSALHEDIYVLHDNGTLEIPVAQKDSTGTYTCVARNKLGMAKNEVHLEIKDPTRIIKQPEYAVVQRGSKVSFECRVKHDHTLIPTIMWLKDNGELPNDERFSTDKDHLVVSDVKDDDGGTYTCTANTTLDSASASAVLRVVDVPNPPFDLELTNQLDKSVQLTWTPGDDNNSPITKFIIEYEDAMHDAGLWRHQAEVSGTQTTAQLKLSPYVNYSFRVMAENSIGRSMPSEASEQYLTKAAEPDQNPMAVEGLGTEPDNLVITWKPLNGFQSNGPGLQYKVSWRQKDGDDEWTSVVVANVSKYIVSGTPTFVPYLIKVQALNDVGFAPEPAAVMGHSGEDLPGHQDSRHAARAAAIQSLCPQRPSGQRERGGPSQHGQRLPYTGGSP","29"
"30","Ncam1","ENS29","","MQLKIMPKKKHLSAGGVPLILFLCQMISALDVPLDLVQPPTITQQSPKDYIIDPRENIVIQCEAKGKPPPSFSWTRNGTHFDIDKDPLVTMKPGSGTLVINIMSEGKAETYEGVYQCTARNERGAAVSNNIVVRPSRSPLWTKERLEPIVLQNGQSLVLPCRPPIGLPPAIIFWMDNSFQRLPQSERVSQGLNGDLYFSNVLPEDTREDYICYARFNHTQTIQQKQPISLKVISVDELNDTIAANLSDTEFYGAKSSKERPPTFLTPEGNESHKEELRGNVLSLECIAEGLPTPIIYWIKEDGMLPANRTFYRNFKKTLQITHVSEADSGNYQCIAKNALGAVHHTISVTVKAAPYWIVAPQNLVLSPGENGTLICRANGNPKPRISWLTNGVPIEIALDDPSRKIDGDTIIFSNVQESSSAVYQCNASNKYGYLLANAFVNVLAEPPRILTSANTLYQVIANRPALLDCAFFGSPMPTIEWFKGTKGSALHEDIYVLHDNGTLEIPVAQKDSTGTYTCVARNKLGMAKNEVHLEIKDPTRIIKQPEYAVVQRGSKVSFECRVKHDHTLIPTIMWLKDNGELPNDERFSTDKDHLVVSDVKDDDGGTYTCTANTTLDSASASAVLRVVDVPNPPFDLELTNQLDKSVQLTWTPGDDNNSPITKFIIEYEDAMHDAGLWRHQAEVSGTQTTAQLKLSPYVNYSFRVMAENSIGRSMPSEASEQYLTKAAEPDQNPMAVEGLGTEPDNLVITWKPLNGFQSNGPGLQYKVSWRQKDGDDEWTSVVVANVSKYIVSGTPTFVPYLIKVQALNDVGFAPEPAAVMGHSGEDLPGHQDSRHAARAAAIQSLCPQRPSGQRERGGPSQHGQRLPYTGGSP","30"
"31","Ncam1","ENSMUST00000193547","principal4","MLRTKDLIWTLFFLGTAVSLQVDIVPSQGEISVGESKFFLCQVAGDAKDKDISWFSPNGEKLSPNQQRISVVWNDDDSSTLTIYNANIDDAGIYKCVVTAEDGTQSEATVNVKIFQKLMFKNAPTPQEFKEGEDAVIVCDVVSSLPPTIIWKHKGRDVILKKDVRFIVLSNNYLQIRGIKKTDEGTYRCEGRILARGEINFKDIQVIVNVPPTVQARQSIVNATANLGQSVTLVCDADGFPEPTMSWTKDGEPIENEEEDDEKHIFSDDSSELTIRNVDKNDEAEYVCIAENKAGEQDASIHLKVFAKPKITYVENQTAMELEEQVTLTCEASGDPIPSITWRTSTRNISSEEKTLDGHMVVRSHARVSSLTLKSIQYTDAGEYICTASNTIGQDSQSMYLEVQYAPKLQGPVAVYTWEGNQVNITCEVFAYPSATISWFRDGQLLPSSNYSNIKIYNTPSASYLEVTPDSENDFGNYNCTAVNRIGQESLEFILVQADTPSSPSIDRVEPYSSTAQVQFDEPEATGGVPILKYKAEWKSLGEESWHFKWYDAKEANMEGIVTIMGLKPETRYSVRLAALNGKGLGEISAATEFKTQPVREPSAPKLEGQMGEDGNSIKVNLIKQDDGGSPIRHYLVKYRALASEWKPEIRLPSGSDHVMLKSLDWNAEYEVYVVAENQQGKSKAAHFVFRTSAQPTAIPANGSPTAGLSTGAIVGILIVIFVLLLVVMDITCYFLNKCGLLMCIAVNLCGKAGPGAKGKDMEEGKAAFSKDESKEPIVEVRTEEERTPNHDGGKHTEPNETTPLTEPEKGPVETKSEPPESEAKPAPTEVKTVPNDATQTKENESKA","31"
"32","Nrcam","ENS15","","MQLKIMPKKKHLSAGGVPLILFLCQMISALDVPLDLVQPPTITQQSPKDYIIDPRENIVIQCEAKGKPPPSFSWTRNGTHFDIDKDPLVTMKPGSGTLVINIMSEGKAETYEGVYQCTARNERGAAVSNNIVVRPSRSPLWTKERLEPIVLQNGQSLVLPCRPPIGLPPAIIFWMDNSFQRLPQSERVSQGLNGDLYFSNVLPEDTREDYICYARFNHTQTIQQKQPISLKVISVDELNDTIAANLSDTEFYGAKSSKERPPTFLTPEGNESHKEELRGNVLSLECIAEGLPTPIIYWIKEDGMLPANRTFYRNFKKTLQITHVSEADSGNYQCIAKNALGAVHHTISVTVKAAPYWIVAPQNLVLSPGENGTLICRANGNPKPRISWLTNGVPIEIALDDPSRKIDGDTIIFSNVQESSSAVYQCNASNKYGYLLANAFVNVLAEPPRILTSANTLYQVIANRPALLDCAFFGSPMPTIEWFKGTKGSALHEDIYVLHDNGTLEIPVAQKDSTGTYTCVARNKLGMAKNEVHLEIKDPTRIIKQPEYAVVQRGSKVSFECRVKHDHTLIPTIMWLKDNGELPNDERFSTDKDHLVVSDVKDDDGGTYTCTANTTLDSASASAVLRVVDVPNPPFDLELTNQLDKSVQLTWTPGDDNNSPITKFIIEYEDAMHDAGLWRHQAEVSGTQTTAQLKLSPYVNYSFRVMAENSIGRSMPSEASEQYLTKAAEPDQNPMAVEGLGTEPDNLVITWKPLNGFQSNGPGLQYKVSWRQKDGDDEWTSVVVANVSKYIVSGTPTFVPYLIKVQALNDVGFAPEPAAVMGHSGEDLPMVAPGNVRVSVVNSTLAEVHWDPVPPKSVRGHLQGYRIYYWKTQSSSKRNRRHIEKKILTFQGTKTHGMLPGLQPYSHYALNVRVVNGKGEGPASTDRGFHTPEGVPSAPSSLKIVNPTLDSLTLEWDPPSHPNGILTEYILQYQPINSTHELGPLVDLKIPANKTRWTLKNLNFSTRYKFYFYAQTSVGPGSQITEEAITTVDEAMASRQVDIATQGWFIGLMCAVALLILILLIVCFIRRNKGGKYPVKEKEDAHADPEIQPMKEDDGTFGEYSDAEDHKPLKKGSRTPSDRTVKKEDSDDSLVDYGEGVNGQFNEDGSFIGQYSGKKEKEPAEGNESSEAPSPVNAMNSFV","32"
"33","Nrcam","ENS13","","MQLKIMPKKKHLSAGGVPLILFLCQMISALDVPLDPKLLHDLVQPPTITQQSPKDYIIDPRENIVIQCEAKGKPPPSFSWTRNGTHFDIDKDPLVTMKPGSGTLVINIMSEGKAETYEGVYQCTARNERGAAVSNNIVVRPSRSPLWTKERLEPIVLQNGQSLVLPCRPPIGLPPAIIFWMDNSFQRLPQSERVSQGLNGDLYFSNVLPEDTREDYICYARFNHTQTIQQKQPISLKVISVDELNDTIAANLSDTEFYGAKSSKERPPTFLTPEGNESHKEELRGNVLSLECIAEGLPTPIIYWIKEDGMLPANRTFYRNFKKTLQITHVSEADSGNYQCIAKNALGAVHHTISVTVKAAPYWIVAPQNLVLSPGENGTLICRANGNPKPRISWLTNGVPIEIALDDPSRKIDGDTIIFSNVQESSSAVYQCNASNKYGYLLANAFVNVLAEPPRILTSANTLYQVIANRPALLDCAFFGSPMPTIEWFKGTKGSALHEDIYVLHDNGTLEIPVAQKDSTGTYTCVARNKLGMAKNEVHLEIKDPTRIIKQPEYAVVQRGSKVSFECRVKHDHTLIPTIMWLKDNGELPNDERFSTDKDHLVVSDVKDDDGGTYTCTANTTLDSASASAVLRVVAPTPTPAPIYDVPNPPFDLELTNQLDKSVQLTWTPGDDNNSPITKFIIEYEDAMHDAGLWRHQAEVSGTQTTAQLKLSPYVNYSFRVMAENSIGRSMPSEASEQYLTKAAEPDQNPMAVEGLGTEPDNLVITWKPLNGFQSNGPGLQYKVSWRQKDGDDEWTSVVVANVSKYIVSGTPTFVPYLIKVQALNDVGFAPEPAAVMGHSGEDLPMVAPGNVRVSVVNSTLAEVHWDPVPPKSVRGHLQGYRIYYWKTQSSSKRNRRHIEKKILTFQGTKTHGMLPGLQPYSHYALNVRVVNGKGEGPASTDRGFHTPEGVPSAPSSLKIVNPTLDSLTLEWDPPSHPNGILTEYILQYQPINSTHELGPLVDLKIPANKTRWTLKNLNFSTRYKFYFYAQTSVGPGSQITEEAITTVDEGKKGMYTIHIITNTGEFKRH","33"
"34","Nrcam","ENS26","","MQLKIMPKKKHLSAGGVPLILFLCQMISALDVPLDPKLLHDLVQPPTITQQSPKDYIIDPRENIVIQCEAKGKPPPSFSWTRNGTHFDIDKDPLVTMKPGSGTLVINIMSEGKAETYEGVYQCTARNERGAAVSNNIVVRPSRSPLWTKERLEPIVLQNGQSLVLPCRPPIGLPPAIIFWMDNSFQRLPQSERVSQGLNGDLYFSNVLPEDTREDYICYARFNHTQTIQQKQPISLKVISVDELNDTIAANLSDTEFYGARDEAQGLTNTKQHSAMKPLLQLLYSKSSKERPPTFLTPEGNESHKEELRGNVLSLECIAEGLPTPIIYWIKEDGMLPANRTFYRNFKKTLQITHVSEADSGNYQCIAKNALGAVHHTISVTVKAAPYWIVAPQNLVLSPGENGTLICRANGNPKPRISWLTNGVPIEIALDDPSRKIDGDTIIFSNVQESSSAVYQCNASNKYGYLLANAFVNVLAEPPRILTSANTLYQVIANRPALLDCAFFGSPMPTIEWFKGTKGSALHEDIYVLHDNGTLEIPVAQKDSTGTYTCVARNKLGMAKNEVHLEIKDPTRIIKQPEYAVVQRGSKVSFECRVKHDHTLIPTIMWLKDNGELPNDERFSTDKDHLVVSDVKDDDGGTYTCTANTTLDSASASAVLRVVAPTPTPAPIYDVPNPPFDLELTNQLDKSVQLTWTPGDDNNSPITKFIIEYEDAMHDAGLWRHQAEVSGTQTTAQLKLSPYVNYSFRVMAENSIGRSMPSEASEQYLTKAAEPDQNPMAVEGLGTEPDNLVITWKPLNGFQSNGPGLQYKVSWRQKDGDDEWTSVVVANVSKYIVSGTPTFVPYLIKVQALNDVGFAPEPAAVMGHSGEDLPMVAPGNVRVSVVNSTLAEVHWDPVPPKSVRGHLQGYRIYYWKTQSSSKRNRRHIEKKILTFQGTKTHGMLPGLQPYSHYALNVRVVNGKGEGPASTDRGFHTPEGVPSAPSSLKIVNPTLDSLTLEWDPPSHPNGILTEYILQYQPINSTHELGPLVDLKIPANKTRWTLKNLNFSTRYKFYFYAQTSVGPGSQITEEAITTVDEAMASRQVDIATQGWFIGLMCAVALLILILLIVCFIRRNKGGKYPVKEKEDAHADPEIQPMKEDDGTFGEYSDAEDHKPLKKGSRTPSDRTVKKEDSDDSLVDYGEGVNGQFNEDGSFIGQYSGKKEKEPAEGNESSEAPSPVNAMNSFV","34"
"35","Nrcam","ENS14","","MQLKIMPKKKHLSAGGVPLILFLCQMISALDVPLDPKLLHDLVQPPTITQQSPKDYIIDPRENIVIQCEAKGKPPPSFSWTRNGTHFDIDKDPLVTMKPGSGTLVINIMSEGKAETYEGVYQCTARNERGAAVSNNIVVRPSRSPLWTKERLEPIVLQNGQSLVLPCRPPIGLPPAIIFWMDNSFQRLPQSERVSQGLNGDLYFSNVLPEDTREDYICYARFNHTQTIQQKQPISLKVISVDELNDTIAANLSDTEFYGAKSSKERPPTFLTPEGNESHKEELRGNVLSLECIAEGLPTPIIYWIKEDGMLPANRTFYRNFKKTLQITHVSEADSGNYQCIAKNALGAVHHTISVTVKAAPYWIVAPQNLVLSPGENGTLICRANGNPKPRISWLTNGVPIEIALDDPSRKIDGDTIIFSNVQESSSAVYQCNASNKYGYLLANAFVNVLAEPPRILTSANTLYQVIANRPALLDCAFFGSPMPTIEWFKGTKGSALHEDIYVLHDNGTLEIPVAQKDSTGTYTCVARNKLGMAKNEVHLEIKDPTRIIKQPEYAVVQRGSKVSFECRVKHDHTLIPTIMWLKDNGELPNDERFSTDKDHLVVSDVKDDDGGTYTCTANTTLDSASASAVLRVVAPTPTPAPIYDVPNPPFDLELTNQLDKSVQLTWTPGDDNNSPITRLWRHQAEVSGTQTTAQLKLSPYVNYSFRVMAENSIGRSMPSEASEQYLTKAAEPDQNPMAVEGLGTEPDNLVITWKPLNGFQSNGPGLQYKVSWRQKDGDDEWTSVVVANVSKYIVSGTPTFVPYLIKVQALNDVGFAPEPAAVMGHSGEDLPMVAPGNVRVSVVNSTLAEVHWDPVPPKSVRGHLQGYRIYYWKTQSSSKRNRRHIEKKILTFQGTKTHGMLPGLQPYSHYALNVRVVNGKGEGPASTDRGFHTPEGVPSAPSSLKIVNPTLDSLTLEWDPPSHPNGILTEYILQYQPINSTHELGPLVDLKIPANKTRWTLKNLNFSTRYKFYFYAQTSVGPGSQITEEAITTVDEAGIPPPDVGAGKAMASRQVDIATQGWFIGLMCAVALLILILLIVCFIRRNKGGKYPVKEKEDAHADPEIQPMKEDDGTFGEYSDAEDHKPLKKGSRTPSDRTVKKEDSDDSLVDYGEGVNGQFNEDGSFIGQYSGKKEKEPAEGNESSEAPSPVNAMNSFV","35"
"36","Nrcam","ENSMUST00000020939","principal4","MQLKIMPKKKHLSAGGVPLILFLCQMISALDVPLDLVQPPTITQQSPKDYIIDPRENIVIQCEAKGKPPPSFSWTRNGTHFDIDKDPLVTMKPGSGTLVINIMSEGKAETYEGVYQCTARNERGAAVSNNIVVRPSRSPLWTKERLEPIVLQNGQSLVLPCRPPIGLPPAIIFWMDNSFQRLPQSERVSQGLNGDLYFSNVLPEDTREDYICYARFNHTQTIQQKQPISLKVISVDELNDTIAANLSDTEFYGAKSSKERPPTFLTPEGNESHKEELRGNVLSLECIAEGLPTPIIYWIKEDGMLPANRTFYRNFKKTLQITHVSEADSGNYQCIAKNALGAVHHTISVTVKAAPYWIVAPQNLVLSPGENGTLICRANGNPKPRISWLTNGVPIEIALDDPSRKIDGDTIIFSNVQESSSAVYQCNASNKYGYLLANAFVNVLAEPPRILTSANTLYQVIANRPALLDCAFFGSPMPTIEWFKGTKGSALHEDIYVLHDNGTLEIPVAQKDSTGTYTCVARNKLGMAKNEVHLEIKDPTRIIKQPEYAVVQRGSKVSFECRVKHDHTLIPTIMWLKDNGELPNDERFSTDKDHLVVSDVKDDDGGTYTCTANTTLDSASASAVLRVVAPTPTPAPIYDVPNPPFDLELTNQLDKSVQLTWTPGDDNNSPITKFIIEYEDAMHDAGLWRHQAEVSGTQTTAQLKLSPYVNYSFRVMAENSIGRSMPSEASEQYLTKAAEPDQNPMAVEGLGTEPDNLVITWKPLNGFQSNGPGLQYKVSWRQKDGDDEWTSVVVANVSKYIVSGTPTFVPYLIKVQALNDVGFAPEPAAVMGHSGEDLPMVAPGNVRVSVVNSTLAEVHWDPVPPKSVRGHLQGYRIYYWKTQSSSKRNRRHIEKKILTFQGTKTHGMLPGLQPYSHYALNVRVVNGKGEGPASTDRGFHTPEGVPSAPSSLKIVNPTLDSLTLEWDPPSHPNGILTEYILQYQPINSTHELGPLVDLKIPANKTRWTLKNLNFSTRYKFYFYAQTSVGPGSQITEEAITTVDEAGIPPPDVGAGKGKEEWRKEIVNGSRSFFGLKGLMPGTAYKVRVGAEGDSGFVSSEDVFETGPAMASRQVDIATQGWFIGLMCAVALLILILLIVCFIRRNKGGKYPVKEKEDAHADPEIQPMKEDDGTFGEYSDAEDHKPLKKGSRTPSDRTVKKEDSDDSLVDYGEGVNGQFNEDGSFIGQYSGKKEKEPAEGNESSEAPSPVNAMNSFV","36"
"37","Nrxn3","ENS16","","MGCLKEVVYKNNDIRLELSRLARIGDTKMKIYGEVVFKCENVATLDPINFETPEAYISLPKWNTKRMGSISFDFRTTEPNGLILFTHGKPQERKDVRSQKNTKVDFFAVELLDGNLYLLLDMGSGTIKVKATQKKANDGEWYHVDIQRDGRSGTISVNSRRTPFTASGESEILDLEGDMYLGGLPENRAGLILPTELWTAMLNYGYVGCIRDLFIDGRSKNIRQLAEMQNAAGVKSSCSRMSAKQCDSYPCKNNAVCKDGWNRFICDCTGTGYWGRTCEREASILSYDGSMYMKVIMPMVMHTEAEDVSFRFMSQRAYGLLVATTSRDSADTLRLELDGGRVKLMVNLDCIRINCNSSKGPETLYAGQKLNDNEWHTVRVVRRGKSLKLTVDDDVAEGTMVGDHTRLEFHNIETGIMTEKRYISVVPSSFIGHLQSLMFNGLLYIDLCKNGDIDYCELKARFGLRNIIADPVTFKTKSSYLTLATLQAYTSMHLFFQFKTTSADGFILFNSGDGNDFIAVELVKGYIHYVFDLGNGPNVIKGNSDRPLNDNQWHNVVITRDSSNTHSLKVDTKVVTQVINGAKNLDLKGDLYMAGLAQGMYSNLPKLVASRDGFQGCLASVDLNGRLPDLINDALHRSGQIERGCEGPSTTCQEDSCANQGVCMQQWEGFTCDCSMTSYSGNQCNDPGATYIFGKSGGLILYTWPANDRPSTRSDRLAVGFSTTVKDGILVRIDSAPGLGDFLQLHIEQGKIGVVFNIGTVDISIKEERTPVNDGKYHVVRFTRNGGNATLQVDNWPVNEHYPTGNTDNERLQMVKQKIPFKYNRPVEEWLQEKGRQLTIFNTQAQIAIGGKDKGRLFQGQLSGLYYDGLKVLNMAAENNPNIKINGSVRLVGEVPSVSGTTQTTSMPPEMSTTVMETTTTMATTTTRKNRSTASIQPTSDDLVSSAECSSDDEDFVECEPSTGRSGRVFPLQSSKVATKHMRPSGNPRTLDLTKSRKLVELQPPLCPLS","37"
"38","Nrxn3","ENS24","","MSFTLHSVFFTLKVSIFLGSLVGLCLGLEFMGLPNQWARYLRWDASTRSDLSFQFKTNVSTGLLLYLDDGGVCDFLCLSLVDGRVQLRFSMDCAETTVLSNKQVNDSSWHFLMVSRDRVRTGLVIDGEGQSGELRPQRPYMDVVSDLFLGGVPADIRPSALTLDGVQSMPGFKGLMLDLKYGNSEPRLLGSQSVQLEAEGPCGERPCENGGICFLLDGHPTCDCSTTGYGGTLCSEDVSQGPGLSHLMMSEQGRPTAREENVATFRGSEYLCYDLSQNPIQSSSDEITLSFKTWQRNGLILHTGKSADYVNLALKDGAVSLVINLGSGAFEAIVEPVNGKFNDNAWHDVKVTRNLRQVTISVDGILTTTGYTQEDYTMLGSDDFFYVGGSPSTADLPGSPVSNNFMGCLKEVVYKNNDIRLELSRLARIGDTKMKIYGEVVFKCENVATLDPINFETPEAYISLPKWNTKRMGSISFDFRTTEPNGLILFTHGKPQERKDVRSQKNTKVDFFAVELLDGNLYLLLDMGSGTIKVKATQKKANDGEWYHVDIQRDGRSGTISVNSRRTPFTASGESEILDLEGDMYLGGLPENRAGLILPTELWTAMLNYGYVGCIRDLFIDGRSKNIRQLAEMQNAAGVKSSCSRMSAKQCDSYPCKNNAVCKDGWNRFICDCTGTGYWGRTCEREASILSYDGSMYMKVIMPMVMHTEAEDVSFRFMSQRAYGLLVATTSRDSADTLRLELDGGRVKLMVNLDCIRINCNSSKGPETLYAGQKLNDNEWHTVRVVRRGKSLKLTVDDDVAEGTMVGDHTRLEFHNIETGIMTEKRYISVVPSSFIGHLQSLMFNGLLYIDLCKNGDIDYCELKARFGLRNIIADPVTFKTKSSYLTLATLQAYTSMHLFFQFKTTSADGFILFNSGDGNDFIAVELVKGYIHYVFDLGNGPNVIKGNSDRPLNDNQWHNVVITRDSSNTHSLKVDTKVVTQVINGAKNLDLKGDLYMAGLAQGMYSNLPKLVASRDGFQGCLASVDLNGRLPDLINDALHRSGQIERGCEGPSTTCQEDSCANQGVCMQQWEGFTCDCSMTSYSGNQCNDPGATYIFGKSGGLILYTWPANDRPSTRSDRLAVGFSTTVKDGILVRIDSAPGLGDFLQLHIEQGKIGVVFNIGTVDISIKEERTPVNDGKYHVVRFTRNGGNATLQVDNWPVNEHYPTGRQLTIFNTQAQIAIGGKDKGRLFQGQLSGLYYDGLKVLNMAAENNPNIKINGSVRLVGEVPSVSGTTQTTSMPPEMSTTVMETTTTMATTTTRKNRSTASIQPTSDDLVSSAECSSDDEDFVECEPSTEESFHFNLRRWLQSTCAQVGIQGL","38"
"39","Nrxn3","ENS17","","MSFTLHSVFFTLKVSIFLGSLVGLCLGLEFMGLPNQWARYLRWDASTRSDLSFQFKTNVSTGLLLYLDDGGVCDFLCLSLVDGRVQLRFSMDCAETTVLSNKQVNDSSWHFLMVSRDRVRTGLVIDGEGQSGELRPQRPYMDVVSDLFLGGVPADIRPSALTLDGVQSMPGFKGLMLDLKYGNSEPRLLGSQSVQLEAEGPCGERPCENGGICFLLDGHPTCDCSTTGYGGTLCSEDVSQGPGLSHLMMSEQAREENVATFRGSEYLCYDLSQNPIQSSSDEITLSFKTWQRNGLILHTGKSADYVNLALKDGAVSLVINLGSGAFEAIVEPVNGKFNDNAWHDVKVTRNLRQVMVTISVDGILTTTGYTQEDYTMLGSDDFFYVGGSPSTADLPGSPVSNNFMGCLKEVVYKNNDIRLELSRLARIGDTKMKIYGEVVFKCENVATLDPINFETPEAYISLPKWNTKRMGSISFDFRTTEPNGLILFTHGKPQERKDVRSQKNTKVDFFAVELLDGNLYLLLDMGSGTIKVKATQKKANDGEWYHVDIQRDGRSGTISVNSRRTPFTASGESEILDLEGDMYLGGLPENRAGLILPTELWTAMLNYGYVGCIRDLFIDGRSKNIRQLAEMQNAAGVKSSCSRMSAKQCDSYPCKNNAVCKDGWNRFICDCTGTGYWGRTCEREASILSYDGSMYMKVIMPMVMHTEAEDVSFRFMSQRAYGLLVATTSRDSADTLRLELDGGRVKLMVNLDCIRINCNSSKGPETLYAGQKLNDNEWHTVRVVRRGKSLKLTVDDDVAEGTMVGDHTRLEFHNIETGIMTEKRYISVVPSSFIGHLQSLMFNGLLYIDLCKNGDIDYCELKARFGLRNIIADPVTFKTKSSYLTLATLQAYTSMHLFFQFKTTSADGFILFNSGDGNDFIAVELVKGYIHYVFDLGNGPNVIKGNSDRPLNDNQWHNVVITRDSSNTHSLKVDTKVVTQVINGAKNLDLKGDLYMAGLAQGMYSNLPKLVASRDGFQGCLASVDLNGRLPDLINDALHRSGQIERGCEGPSTTCQEDSCANQGVCMQQWEGFTCDCSMTSYSGNQCNDPGATYIFGKSGGLILYTWPANDRPSTRSDRLAVGFSTTVKDGILVRIDSAPGLGDFLQLHIEQGKIGVVFNIGTVDISIKEERTPVNDGKYHVVRFTRNGGNATLQVDNWPVNEHYPTGNTDNERLQMVKQKIPFKYNRPVEEWLQEKGRQLTIFNTQAQIAIGGKDKGRLFQGQLSGLYYDGLKVLNMAAENNPNIKINGSVRLVGEVPSVSGTTQTTSMPPEMSTTVMETTTTMATTTTRKNRSTASIQPTSDDLVSSAECSSDDEDFVECEPSTGGELVIPLLVEDPLATPPIATRVPSITLPPTFRPLLTIIETTKDSLSMTSEAGLPCLSDQGSDGCDDDGLVISGYGSGETFDSNLPPTDDEDFYTTFSLVTDKSLSTSIFEGGYKAHAPKWESKDFRPNKVSETSRTTTTSLSPELIRFTASSSSGMVPKLPAGKMNNRDLKPQPDIVLLPLPTAYELDSTKLKSPLITSPMFRNVPTANPTEPGIRRVPGASEVIRESSSTTGMVVGIVAAAALCILILLYAMYKYRNRDEGSYQVDETRNYISNSAQSNGTLMKEKQASSKSGHKKQKNKDKEYYV","39"
"40","Nrxn3","ENS31","","MSFTLHSVFFTLKVSIFLGSLVGLCLGLEFMGLPNQWARYLRWDASTRSDLSFQFKTNVSTGLLLYLDDGGVCDFLCLSLVDGRVQLRFSMDCAETTVLSNKQVNDSSWHFLMVSRDRVRTGLVIDGEGQSGELRPQRPYMDVVSDLFLGGVPADIRPSALTLDGVQSMPGFKGLMLDLKYGNSEPRLLGSQSVQLEAEGPCGERPCENGGICFLLDGHPTCDCSTTGYGGTLCSEDVSQGPGLSHLMMSEQAREENVATFRGSEYLCYDLSQNPIQSSSDEITLSFKTWQRNGLILHTGKSADYVNLALKDGAVSLVINLGSGAFEAIVEPVNGKFNDNAWHDVKVTRNLRQHSGIGHAMVTISVDGILTTTGYTQEDYTMLGSDDFFYVGGSPSTADLPGSPVSNNFMGCLKEVVYKNNDIRLELSRLARIGDTKMKIYGEVVFKCENVATLDPINFETPEAYISLPKWNTKRMGSISFDFRTTEPNGLILFTHGKPQERKDVRSQKNTKVDFFAVELLDGNLYLLLDMGSGTIKVKATQKKANDGEWYHVDIQRDGRSGTISVNSRRTPFTASGESEILDLEGDMYLGGLPENRAGLILPTELWTAMLNYGYVGCIRDLFIDGRSKNIRQLAEMQNAAGVKSSCSRMSAKQCDSYPCKNNAVCKDGWNRFICDCTGTGYWGRTCEREASILSYDGSMYMKVIMPMVMHTEAEDVSFRFMSQRAYGLLVATTSRDSADTLRLELDGGRVKLMVNLDCIRINCNSTGATYIFGKSGGLILYTWPANDRPSTRSDRLAVGFSTTVKDGILVRIDSAPGLGDFLQLHIEQGKIGVVFNIGTVDISIKEERTPVNDGKYHVVRFTRNGGNATLQVDNWPVNEHYPTGRQLTIFNTQAQIAIGGKDKGRLFQGQLSGLYYDGLKVLNMAAENNPNIKINGSVRLVGEVPSVSGTTQTTSMPPEMSTTVMETTTTMATTTTRKNRSTASIQPTSDDLVSSAECSSDDEDFVECEPSTGGELVIPLLVEDPLATPPIATRVPSITLPPTFRPLLTIIETTKDSLSMTSEAGLPCLSDQGSDGCDDDGLVISGYGSGETFDSNLPPTDDEDFYTTFSLVTDKSLSTSIFEGGYKAHAPKWESKDFRPNKVSETSRTTTTSLSPELIRFTASSSSGMVPKLPAGKMNNRDLKPQPDIVLLPLPTAYELDSTKLKSPLITSPMFRNVPTANPTEPGIRRVPGASEVIRESSSTTGMVVGIVAAAALCILILLYAMYKYRNRDEGSYQVDETRNYISNSAQSNGTLMKEKQASSKSGHKKQKNKDKEYYV","40"
"41","Nrxn3","ENS23","","MSFTLHSVFFTLKVSIFLGSLVGLCLGLEFMGLPNQWARYLRWDASTRSDLSFQFKTNVSTGLLLYLDDGGVCDFLCLSLVDGRVQLRFSMDCAETTVLSNKQVNDSSWHFLMVSRDRVRTGLVIDGEGQSGELRPQRPYMDVVSDLFLGGVPADIRPSALTLDGVQSMPGFKGLMLDLKYGNSEPRLLGSQSVQLEAEGPCGERPCENGGICFLLDGHPTCDCSTTGYGGTLCSEDVSQGPGLSHLMMSEQAREENVATFRGSEYLCYDLSQNPIQSSSDEITLSFKTWQRNGLILHTGKSADYVNLALKDGAVSLVINLGSGAFEAIVEPVNGKFNDNAWHDVKVTRNLRQHSGIGHAMVTISVDGILTTTGYTQEDYTMLGSDDFFYVGGSPSTADLPGSPVSNNFMGCLKEVVYKNNDIRLELSRLARIGDTKMKIYGEVVFKCENVATLDPINFETPEAYISLPKWNTKRMGSISFDFRTTEPNGLILFTHGKPQERKDVRSQKNTKVDFFAVELLDGNLYLLLDMGSGTIKVKATQKKANDGEWYHVDIQRDGRSGTISVNSRRTPFTASGESEILDLEGDMYLGGLPENRAGLILPTELWTAMLNYGYVGCIRDLFIDGRSKNIRQLAEMQNAAGVKSSCSRMSAKQCDSYPCKNNAVCKDGWNRFICDCTGTGYWGRTCEREASILSYDGSMYMKVIMPMVMHTEAEDVSFRFMSQRAYGLLVATTSRDSADTLRLELDGGRVKLMVNLDCIRINCNSSKGPETLYAGQKLNDNEWHTVRVVRRGKSLKLTVDDDVAEGTMVGDHTRLEFHNIETGIMTEKRYISVVPSSFIGHLQSLMFNGLLYIDLCKNGDIDYCELKARFGLRNIIADPVTFKTKSSYLTLATLQAYTSMHLFFQFKTTSADGFILFNSGDGNDFIAVELVKGYIHYVFDLGNGPNVIKGNSDRPLNDNQWHNVVITRDSSNTHSLKVDTKVVTQVINGAKNLDLKGDLYMAGLAQGMYSNLPKLVASRDGFQGCLASVDLNGRLPDLINDALHRSGQIERGCEGPSTTCQEDSCANQGVCMQQWEGFTCDCSMTSYSGNQCNDPGATYIFGKSGGLILYTWPANDRPSTRSDRLAVGFSTTVKDGILVRIDSAPGLGDFLQLHIEQGKIGVVFNIGTVDISIKEERTPVNDGKYHVVRFTRNGGNATLQVDNWPVNEHYPTGNTDNERLQMVKQKIPFKYNRPVEEWLQEKGRQLTIFNTQAQIAIGGKDKGRLFQGQLSGLYYDGLKVLNMAAENNPNIKINGSVRLVGEVPSVSGTTQTTSMPPEMSTTVMETTTTMATTTTRKNRSTASIQPTSDDLVSSAECSSDDEDFVECEPSTGSKPHGARNQTGSGGLRGDPGVQQYNRDGRRHCGCCRPLHLDPPVRHVQVQEQGRGVLSSGRDEELHQQLGPEQRHAHEGEASQLQERP","41"
"42","Nrxn3","ENS21","","MSFTLHSVFFTLKVSIFLGSLVGLCLGLEFMGLPNQWARYLRWDASTRSDLSFQFKTNVSTGLLLYLDDGGVCDFLCLSLVDGRVQLRFSMDCAETTVLSNKQVNDSSWHFLMVSRDRVRTGLVIDGEGQSGELRPQRPYMDVVSDLFLGGVPADIRPSALTLDGVQSMPGFKGLMLDLKYGNSEPRLLGSQSVQLEAEGPCGERPCENGGICFLLDGHPTCDCSTTGYGGTLCSEDVSQGPGLSHLMMSEQAREENVATFRGSEYLCYDLSQNPIQSSSDEITLSFKTWQRNGLILHTGKSADYVNLALKDGAVSLVINLGSGAFEAIVEPVNGKFNDNAWHDVKVTRNLRQHSGIGHAMVTISVDGILTTTGYTQEDYTMLGSDDFFYVGGSPSTADLPGSPVSNNFMGCLKEVVYKNNDIRLELSRLARIGDTKMKIYGEVVFKCENVATLDPINFETPEAYISLPKWNTKRMGSISFDFRTTEPNGLILFTHGKPQERKDVRSQKNTKVDFFAVELLDGNLYLLLDMGSGTIKVKATQKKANDGEWYHVDIQRDGRSGTISVNSRRTPFTASGESEILDLEGDMYLGGLPENRAGLILPTELWTAMLNYGYVGCIRDLFIDGRSKNIRQLAEMQNAAGVKSSCSRMSAKQCDSYPCKNNAVCKDGWNRFICDCTGTGYWGRTCEREASILSYDGSMYMKVIMPMVMHTEAEDVSFRFMSQRAYGLLVATTSRDSADTLRLELDGGRVKLMVNLDCIRINCNSSKGPETLYAGQKLNDNEWHTVRVVRRGKSLKLTVDDDVAEGTMVGDHTRLEFHNIETGIMTEKRYISVVPSSFIGHLQSLMFNGLLYIDLCKNGDIDYCELKARFGLRNIIADPVTFKTKSSYLTLATLQAYTSMHLFFQFKTTSADGFILFNSGDGNDFIAVELVKGYIHYVFDLGNGPNVIKGNSDRPLNDNQWHNVVITRDSSNTHSLKVDTKVVTQVINGAKNLDLKGDLYMAGLAQGMYSNLPKLVASRDGFQGCLASVDLNGRLPDLINDALHRSGQIERGCEGPSTTCQEDSCANQGVCMQQWEGFTCDCSMTSYSGNQCNDPGATYIFGKSGGLILYTWPANDRPSTRSDRLAVGFSTTVKDGILVRIDSAPGLGDFLQLHIEQGKIGVVFNIGTVDISIKEERTPVNDGKYHVVRFTRNGGNATLQVDNWPVNEHYPTGNTDNERLQMVKQKIPFKYNRPVEEWLQEKGRQLTIFNTQAQIAIGGKDKGRLFQGQLSGLYYDGLKVLNMAAENNPNIKINGSVRLVGEVPSVSGTTQTTSMPPEMSTTVMETTTTMATTTTRKNRSTASIQPTSDDLVSSAECSSDDEDFVECEPSTGSKPHGARNQTGSGGLRGDPGVQQYNRDGRRHCGCCRPLHLDPPVRHVQVQEQGRGVLSSGRDEELHQQLGPEQRHAHEGEASQLQERP","42"
"43","Nrxn3","ENS22","","MSFTLHSVFFTLKVSIFLGSLVGLCLGLEFMGLPNQWARYLRWDASTRSDLSFQFKTNVSTGLLLYLDDGGVCDFLCLSLVDGRVQLRFSMDCAETTVLSNKQVNDSSWHFLMVSRDRVRTGLVIDGEGQSGELRPQRPYMDVVSDLFLGGVPADIRPSALTLDGVQSMPGFKGLMLDLKYGNSEPRLLGSQSVQLEAEGPCGERPCENGGICFLLDGHPTCDCSTTGYGGTLCSEDVSQGPGLSHLMMSEQAREENVATFRGSEYLCYDLSQNPIQSSSDEITLSFKTWQRNGLILHTGKSADYVNLALKDGAVSLVINLGSGAFEAIVEPVNGKFNDNAWHDVKVTRNLRQHSGIGHAMVTISVDGILTTTGYTQEDYTMLGSDDFFYVGGSPSTADLPGSPVSNNFMGCLKEVVYKNNDIRLELSRLARIGDTKMKIYGEVVFKCENVATLDPINFETPEAYISLPKWNTKRMGSISFDFRTTEPNGLILFTHGKPQERKDVRSQKNTKVDFFAVELLDGNLYLLLDMGSGTIKVKATQKKANDGEWYHVDIQRDGRSGTISVNSRRTPFTASGESEILDLEGDMYLGGLPENRAGLILPTELWTAMLNYGYVGCIRDLFIDGRSKNIRQLAEMQNAAGVKSSCSRMSAKQCDSYPCKNNAVCKDGWNRFICDCTGTGYWGRTCEREASILSYDGSMYMKVIMPMVMHTEAEDVSFRFMSQRAYGLLVATTSRDSADTLRLELDGGRVKLMVNLDCIRINCNSSKGPETLYAGQKLNDNEWHTVRVVRRGKSLKLTVDDDVAEGTMVGDHTRLEFHNIETGIMTEKRYISVVPSSFIGHLQSLMFNGLLYIDLCKNGDIDYCELKARFGLRNIIADPVTFKTKSSYLTLATLQAYTSMHLFFQFKTTSADGFILFNSGDGNDFIAVELVKGYIHYVFDLGNGPNVIKGNSDRPLNDNQWHNVVITRDSSNTHSLKVDTKVVTQVINGAKNLDLKGDLYMAGLAQGMYSNLPKLVASRDGFQGCLASVDLNGRLPDLINDALHRSGQIERGCEGPSTTCQEDSCANQGVCMQQWEGFTCDCSMTSYSGNQCNDPGATYIFGKSGGLILYTWPANDRPSTRSDRLAVGFSTTVKDGILVRIDSAPGLGDFLQLHIEQGKIGVVFNIGTVDISIKEERTPVNDGKYHVVRFTRNGGNATLQVDNWPVNEHYPTGNTDNERLQMVKQKIPFKYNRPVEEWLQEKGRQLTIFNTQAQIAIGGKDKGRLFQGQLSGLYYDGLKVLNMAAENNPNIKINGSVRLVGEVPSVSGTTQTTSMPPEMSTTVMETTTTMATTTTRKNRSTASIQPTSDDLVSSAECSSDDEDFVECEPSTGSKPHGARNQTGSGGLRGDPGVQQYNRDGRRHCGCCRPLHLDPPVRHVQVQEQGRGVLSSGRDEELHQQLGPEQRHAHEGEASQLQERP","43"
"44","Nrxn3","ENS30","","MSFTLHSVFFTLKVSIFLGSLVGLCLGLEFMGLPNQWARYLRWDASTRSDLSFQFKTNVSTGLLLYLDDGGVCDFLCLSLVDGRVQLRFSMDCAETTVLSNKQVNDSSWHFLMVSRDRVRTGLVIDGEGQSGELRPQRPYMDVVSDLFLGGVPADIRPSALTLDGVQSMPGFKGLMLDLKYGNSEPRLLGSQSVQLEAEGPCGERPCENGGICFLLDGHPTCDCSTTGYGGTLCSEDVSQGPGLSHLMMSEQAREENVATFRGSEYLCYDLSQNPIQSSSDEITLSFKTWQRNGLILHTGKSADYVNLALKDGAVSLVINLGSGAFEAIVEPVNGKFNDNAWHDVKVTRNLRQHSGIGHAMVTISVDGILTTTGYTQEDYTMLGSDDFFYVGGSPSTADLPGSPVSNNFMGCLKEVVYKNNDIRLELSRLARIGDTKMKIYGEVVFKCENVATLDPINFETPEAYISLPKWNTKRMGSISFDFRTTEPNGLILFTHGKPQERKDVRSQKNTKVDFFAVELLDGNLYLLLDMGSGTIKVKATQKKANDGEWYHVDIQRDGRSGTISVNSRRTPFTASGESEILDLEGDMYLGGLPENRAGLILPTELWTAMLNYGYVGCIRDLFIDGRSKNIRQLAEMQNAAGVKSSCSRMSAKQCDSYPCKNNAVCKDGWNRFICDCTGTGYWGRTCEREASILSYDGSMYMKVIMPMVMHTEAEDVSFRFMSQRAYGLLVATTSRDSADTLRLELDGGRVKLMVNLDCIRINCNSSKGPETLYAGQKLNDNEWHTVRVVRRGKSLKLTVDDDVAEGTMVGDHTRLEFHNIETGIMTEKRYISVVPSSFIGHLQSLMFNGLLYIDLCKNGDIDYCELKARFGLRNIIADPVTFKTKSSYLTLATLQAYTSMHLFFQFKTTSADGFILFNSGDGNDFIAVELVKGYIHYVFDLGNGPNVIKGNSDRPLNDNQWHNVVITRDSSNTHSLKVDTKVVTQVINGAKNLDLKGDLYMAGLAQGMYSNLPKLVASRDGFQGCLASVDLNGRLPDLINDALHRSGQIERGCEGPSTTCQEDSCANQGVCMQQWEGFTCDCSMTSYSGNQCNDPGATYIFGKSGGLILYTWPANDRPSTRSDRLAVGFSTTVKDGILVRIDSAPGLGDFLQLHIKQSSEADQSENKTRNCSQSL","44"
"45","Nrxn3","ENSMUST00000163134","principal1","MSFTLHSVFFTLKVSIFLGSLVGLCLGLEFMGLPNQWARYLRWDASTRSDLSFQFKTNVSTGLLLYLDDGGVCDFLCLSLVDGRVQLRFSMDCAETTVLSNKQVNDSSWHFLMVSRDRVRTGLVIDGEGQSGELRPQRPYMDVVSDLFLGGVPADIRPSALTLDGVQSMPGFKGLMLDLKYGNSEPRLLGSQSVQLEAEGPCGERPCENGGICFLLDGHPTCDCSTTGYGGTLCSEDVSQGPGLSHLMMSEQAREENVATFRGSEYLCYDLSQNPIQSSSDEITLSFKTWQRNGLILHTGKSADYVNLALKDGAVSLVINLGSGAFEAIVEPVNGKFNDNAWHDVKVTRNLRQVTISVDGILTTTGYTQEDYTMLGSDDFFYVGGSPSTADLPGSPVSNNFMGCLKEVVYKNNDIRLELSRLARIGDTKMKIYGEVVFKCENVATLDPINFETPEAYISLPKWNTKRMGSISFDFRTTEPNGLILFTHGKPQERKDVRSQKNTKVDFFAVELLDGNLYLLLDMGSGTIKVKATQKKANDGEWYHVDIQRDGRSGTISVNSRRTPFTASGESEILDLEGDMYLGGLPENRAGLILPTELWTAMLNYGYVGCIRDLFIDGRSKNIRQLAEMQNAAGVKSSCSRMSAKQCDSYPCKNNAVCKDGWNRFICDCTGTGYWGRTCEREASILSYDGSMYMKVIMPMVMHTEAEDVSFRFMSQRAYGLLVATTSRDSADTLRLELDGGRVKLMVNLDCIRINCNSSKGPETLYAGQKLNDNEWHTVRVVRRGKSLKLTVDDDVAEGTMVGDHTRLEFHNIETGIMTEKRYISVVPSSFIGHLQSLMFNGLLYIDLCKNGDIDYCELKARFGLRNIIADPVTFKTKSSYLTLATLQAYTSMHLFFQFKTTSADGFILFNSGDGNDFIAVELVKGYIHYVFDLGNGPNVIKGNSDRPLNDNQWHNVVITRDSSNTHSLKVDTKVVTQVINGAKNLDLKGDLYMAGLAQGMYSNLPKLVASRDGFQGCLASVDLNGRLPDLINDALHRSGQIERGCEGPSTTCQEDSCANQGVCMQQWEGFTCDCSMTSYSGNQCNDPGATYIFGKSGGLILYTWPANDRPSTRSDRLAVGFSTTVKDGILVRIDSAPGLGDFLQLHIEQGKIGVVFNIGTVDISIKEERTPVNDGKYHVVRFTRNGGNATLQVDNWPVNEHYPTGNTDNERLQMVKQKIPFKYNRPVEEWLQEKGRQLTIFNTQAQIAIGGKDKGRLFQGQLSGLYYDGLKVLNMAAENNPNIKINGSVRLVGEVPSVSGTTQTTSMPPEMSTTVMETTTTMATTTTRKNRSTASIQPTSDDLVSSAECSSDDEDFVECEPSTDKSLSTSIFEGGYKAHAPKWESKDFRPNKVSETSRTTTTSLSPELIRFTASSSSGMVPKLPAGKMNNRDLKPQPDIVLLPLPTAYELDSTKLKSPLITSPMFRNVPTANPTEPGIRRVPGASEVIRESSSTTGMVVGIVAAAALCILILLYAMYKYRNRDEGSYQVDETRNYISNSAQSNGTLMKEKQASSKSGHKKQKNKDKEYYV","45"
"46","Ptprd","ENS20","","MVPVARPLSLLLTFFLCACAETPPRFTRTPVDQTGVSGGVASFICQATGDPRPKIVWNKKGKKVSNQRFEVIEFDDGSGSVLRIQPLRTPRDEAIYECVASNNVGEISVSTRLTVLREDQIPRGFPTIDMGPQLKVVERTRTATMLCAASGNPDPEITWFKDFLPVDTSNNNGRIKQLRSESIGGTPIRGALQIEQSEESDQGKYECVATNSAGTRYSAPANLYVRELREVRRVPPRFSIPPTNHEIMPGGSVNITCVAVGSPMPYVKWMLGAEDLTPEDDMPIGRNVLELNDVRQSANYTCVAMSTLGVIEAIAQITVKALPKPPGTPVVTESTATSITLTWDSGNPEPVSYYIIQHKPKNSEEPYKEIDGIATTRYSVAGLSPYSDYEFRVVAVNNIGRGPASEPVLTQTSEQAPSSAPRDVQARMLSSTTILVQWKEPEEPNGQIQGYRVYYTMDPTQHVNNWMKHNVADSQITTIGNLVPQKTYSVKVLAFTSIGDGPLSSDIQVITQTGVPGQPLNFKAEPESETSILLSWTPPRSDTIASYELVYRDGDQGEEQRITIEPGTSYRLQGLKPNSLYYFRLSARSPQGLGASTAEISARTMQSIPSGPPRKVEVEAVNATAVKVSWRSPVPNKQHGQIRGYQVHYVKMENGEPKGQPMLKDVMLADAQWEFDDTTEHDMIISGLQPETSYSLTVTAYTTKGDGARSKPKLVSTTGAVPGKPRLVINHTQMNTALIQWHPPVDTFGPLQGYRLKFGRKDMEPLTTLEFSEKEDHFTATDIHKGASYVFRLSARNKVGFGEEMVKEISVPEEIPTGFPQNLHSEGTTSTSVQLSWQPPVLAERNGVITKYTLLYRDINVPLLPMEHLIVPADTSMTLTGLKSDTTYDVKVRAHTSKGPGPYSPSVQFRTLPVDQVFAKNFHVKAVMKTSVLLSWEIPENYNSAMPFKILYDDGKMVEEVDGRATQKLIVNLKPEKSYSFVLTNRGNSAGGLQHRVTAKTAPDVLRTKPAFIGKTNLDGMITVQLPDVPANENIKGYYIIIVPLKKSRGKFIKPWESPDEMELDELLKEISRKRRSIRYGREVELKPYIAAHFDVLPTEFTLGDDKHYGGFTNKQLQSGQEYVFFVLAVMDHAESKMYATSPYSDPVVSMDLDPQPITDEEEGLIWVVGPVLAVVFIICIVIAILLYKSKPDRKRAESESRKSSLPNSKEVPSHHPTDPVELRRLNFQTPGMASHPPIPILELADHIERLKANDNLKFSQEYESIDPGQQFTWEHSNLEVNKPKNRYANVIAYDHSRVLLSAIEGIPGSDYVNANYIDGYRKQNAYIATQGSLPETFGDFWRMIWEQRSATVVMMTKLEERSRVKCDQYWPSRGTETHGLVQVTLLDTVELATYCVRTFALYKNGSSEKREVRQFQFTAWPDHGVPEHPTPFLAFLRRVKTCNPPDAGPMVVHCSAGVGRTGCFIVIDAMLERIKHEKTVDIYGHVTLMRAQRNYMVQTEDQYIFIHDALLEAVTCGNTEVPARNLYAYIQKLTQIETGENVTGMELEFKRLASSKAHTSRFISANLPCNKFKNRLVNIMPYESTRVCLQPIRGVEGSDYINASFLDGYRQQKAYIATQGPLAETTEDFWRMLWEHNSTIVVMLTKLREMGREKCHQYWPAERSARYQYFVVDPMAEYNMPQYILREFKVTDARDGQSRTVRQFQFTDWPEQGVPKSGEGFIDFIGQVHKTKEQFGQDGPISVHCSAGVGRTGVFITLSIVLERMRYEGVVDIFQTVKMLRTQRPAMVQTEDQYQFCYRAALEYLGSFDHYAT","46"
"47","Ptprd","ENSMUST00000107289","principal5","MVPVARPLSLLLTFFLCACAETPPRFTRTPVDQTGVSGGVASFICQATGDPRPKIVWNKKGKKVSNQRFEVIEFDDGSGSVLRIQPLRTPRDEAIYECVASNNVGEISVSTRLTVLREDQIPRGFPTIDMGPQLKVVERTRTATMLCAASGNPDPEITWFKDFLPVDTSNNNGRIKQLRSESIGGTPIRGALQIEQSEESDQGKYECVATNSAGTRYSAPANLYVRELREVRRVPPRFSIPPTNHEIMPGGSVNITCVAVGSPMPYVKWMLGAEDLTPEDDMPIGRNVLELNDVRQSANYTCVAMSTLGVIEAIAQITVKALPKPPGTPVVTESTATSITLTWDSGNPEPVSYYIIQHKPKNSEEPYKEIDGIATTRYSVAGLSPYSDYEFRVVAVNNIGRGPASEPVLTQTSEQAPSSAPRDVQARMLSSTTILVQWKEPEEPNGQIQGYRVYYTMDPTQHVNNWMKHNVADSQITTIGNLVPQKTYSVKVLAFTSIGDGPLSSDIQVITQTGVPGQPLNFKAEPESETSILLSWTPPRSDTIASYELVYRDGDQGEEQRITIEPGTSYRLQGLKPNSLYYFRLSARSPQGLGASTAEISARTMQSKPSAPPQDISCTSPSSTSILVSWQPPPVEKQNGIITEYSLKYAAVDGEDFKPHEILGIPSDTTKYLLEQLEKWTEYRITVTAHTDVGPGPESLSVLIRTDEDVPSGPPRKVEVEAVNATAVKVSWRSPVPNKQHGQIRGYQVHYVKMENGEPKGQPMLKDVMLADAQWEFDDTTEHDMIISGLQPETSYSLTVTAYTTKGDGARSKPKLVSTTGAVPGKPRLVINHTQMNTALIQWHPPVDTFGPLQGYRLKFGRKDMEPLTTLEFSEKEDHFTATDIHKGASYVFRLSARNKVGFGEEMVKEISVPEEIPTGFPQNLHSEGTTSTSVQLSWQPPVLAERNGVITKYTLLYRDINVPLLPMEHLIVPADTSMTLTGLKSDTTYDVKVRAHTSKGPGPYSPSVQFRTLPVDQVFAKNFHVKAVMKTSVLLSWEIPENYNSAMPFKILYDDGKMVEEVDGRATQKLIVNLKPEKSYSFVLTNRGNSAGGLQHRVTAKTAPDVLRTKPAFIGKTNLDGMITVQLPDVPANENIKGYYIIIVPLKKSRGKFIKPWESPDEMELDELLKEISRKRRSIRYGREVELKPYIAAHFDVLPTEFTLGDDKHYGGFTNKQLQSGQEYVFFVLAVMDHAESKMYATSPYSDPVVSMDLDPQPITDEEEGLIWVVGPVLAVVFIICIVIAILLYKRKRAESESRKSSLPNSKEVPSHHPTDPVELRRLNFQTPGMASHPPIPILELADHIERLKANDNLKFSQEYESIDPGQQFTWEHSNLEVNKPKNRYANVIAYDHSRVLLSAIEGIPGSDYVNANYIDGYRKQNAYIATQGSLPETFGDFWRMIWEQRSATVVMMTKLEERSRVKCDQYWPSRGTETHGLVQVTLLDTVELATYCVRTFALYKNGSSEKREVRQFQFTAWPDHGVPEHPTPFLAFLRRVKTCNPPDAGPMVVHCSAGVGRTGCFIVIDAMLERIKHEKTVDIYGHVTLMRAQRNYMVQTEDQYIFIHDALLEAVTCGNTEVPARNLYAYIQKLTQIETGENVTGMELEFKRLASSKAHTSRFISANLPCNKFKNRLVNIMPYESTRVCLQPIRGVEGSDYINASFLDGYRQQKAYIATQGPLAETTEDFWRMLWEHNSTIVVMLTKLREMGREKCHQYWPAERSARYQYFVVDPMAEYNMPQYILREFKVTDARDGQSRTVRQFQFTDWPEQGVPKSGEGFIDFIGQVHKTKEQFGQDGPISVHCSAGVGRTGVFITLSIVLERMRYEGVVDIFQTVKMLRTQRPAMVQTEDQYQFCYRAALEYLGSFDHYAT","47"
"48","Ptprf","ENS18","","MPGGSVNLTCVAVGAPMPYVKWMMGAEELTKEDEMPVGRNVLELSNVMRSANYTCVAISSLGMIEATAQVTVKALPKPPIDLVVTETTATSVTLTWDSGNTEPVSFYGIQYRAAGTDGPFQEVDGVASTRYSIGGLSPFSEYAFRVLAVNSIGRGPPSEAVRARTGEQAPSSPPRRVQARMLSASTMLVQWEPPEEPNGLVRGYRVYYTPDSRRPLSAWHKHNTDAGLLTTVGSLLPGITYSLRVLAFTAVGDGPPSPTIQVKTQQGVPAQPADFQANAESDTRIQLSWLLPPQERIVKYELVYWAAEDEGQQHKVTFDPTSSYTLEDLKPDTLYHFQLAARSDLGVGVFTPTVEARTAQSTPSAPPQKVTCVSTGSTTVRVSWVPPPADSRNGIITQYSVAYEAVDGEDRKRHVVDGISREHSSWDLLGLEKWTEYRVWVRAHTDVGPGPESSPVLVRTDEDVPSGPPRKVEVEPLNSTAVHVSWKLPVPNKQHGQIRGYQVTYVRLENGEPRGQPIIQDVMLAEAQETTISGLTPETTYSITVAAYTTKGDGARSKPKVVTTTGAVPGRPTMMVSTTAMHTALLQWHPPKELPGELLGYRLQYRRADEARPNTIDFGKDDQHFTVTGLHKGATYVFRLAAKNRAGPGEEFEKEITTPEDVPSGFPQNLRVTGLTTSTTELTWDPPVLAERNGHITNYTVVYRDINSQLELQNVTNDTHLTLLGLKPDTTYDIKVRAHTSKGAGPLSPSIQSRTMPVEQVFAKNFRVAAAMKTSVLLSWEVPDSYKSAVPFKILYNGQSVEVDGHSMRKLIADLQPNTEYSFVLMNRGSSAGGLQHLVSIRTAPDLLPQKPLPASAFIEDGRFSLSMPQVQDPSLVRWFYIVVVPIDRVGGNLLAPRWNTPEELELDELLEAIEQGEEKQRRRRRQAERLKPYVAAQVDVLPDTFTLGDKKSYRGFYNRPLSPDLSYQCFVLASLKEPMDQKRYASSPYSDEIVVQVTPAQQQEEPEMLWVTGPVLAVILIILIVIAILLFKRKRTHSPSSKDEQSIGLKDSLLAHSSDPVEMRRLNYQTPVLASRALRSLSVLRC","48"
"49","Ptprf","ENSMUST00000049074","principal1","MAPEPAPGRRMVPLVPALVMLGLMAGAHGDSKPVFVKVPEDQTGLSGGVASFVCQATGEPKPRITWMKKGKKVSSQRFEVIEFDDGAGSVLRIQPLRVQRDEAIYECTATNSLGEINTSAKLSVLEEDQLPSGFPTIDMGPQLKVVEKGRTATMLCAAGGNPDPEISWFKDFLPVDPAASNGRIKQLRSGALQIESSEESDQGKYECVATNSAGTRYSAPANLYVRVRRVAPRFSIPPSSQEVMPGGSVNLTCVAVGAPMPYVKWMMGAEELTKEDEMPVGRNVLELSNVMRSANYTCVAISSLGMIEATAQVTVKALPKPPIDLVVTETTATSVTLTWDSGNTEPVSFYGIQYRAAGTDGPFQEVDGVASTRYSIGGLSPFSEYAFRVLAVNSIGRGPPSEAVRARTGEQAPSSPPRRVQARMLSASTMLVQWEPPEEPNGLVRGYRVYYTPDSRRPLSAWHKHNTDAGLLTTVGSLLPGITYSLRVLAFTAVGDGPPSPTIQVKTQQGVPAQPADFQANAESDTRIQLSWLLPPQERIVKYELVYWAAEDEGQQHKVTFDPTSSYTLEDLKPDTLYHFQLAARSDLGVGVFTPTVEARTAQSTPSAPPQKVTCVSTGSTTVRVSWVPPPADSRNGIITQYSVAYEAVDGEDRKRHVVDGISREHSSWDLLGLEKWTEYRVWVRAHTDVGPGPESSPVLVRTDEDVPSGPPRKVEVEPLNSTAVHVSWKLPVPNKQHGQIRGYQVTYVRLENGEPRGQPIIQDVMLAEAQETTISGLTPETTYSITVAAYTTKGDGARSKPKVVTTTGAVPGRPTMMVSTTAMHTALLQWHPPKELPGELLGYRLQYRRADEARPNTIDFGKDDQHFTVTGLHKGATYVFRLAAKNRAGPGEEFEKEITTPEDVPSGFPQNLRVTGLTTSTTELTWDPPVLAERNGHITNYTVVYRDINSQLELQNVTNDTHLTLLGLKPDTTYDIKVRAHTSKGAGPLSPSIQSRTMPVEQVFAKNFRVAAAMKTSVLLSWEVPDSYKSAVPFKILYNGQSVEVDGHSMRKLIADLQPNTEYSFVLMNRGSSAGGLQHLVSIRTAPDLLPQKPLPASAFIEDGRFSLSMPQVQDPSLVRWFYIVVVPIDRVGGNLLAPRWNTPEELELDELLEAIEQGEEKQRRRRRQAERLKPYVAAQVDVLPDTFTLGDKKSYRGFYNRPLSPDLSYQCFVLASLKEPMDQKRYASSPYSDEIVVQVTPAQQQEEPEMLWVTGPVLAVILIILIVIAILLFKRKRTHSPSSKDEQSIGLKDSLLAHSSDPVEMRRLNYQTPGMRDHPPIPITDLADNIERLKANDGLKFSQEYESIDPGQQFTWENSNSEVNKPKNRYANVIAYDHSRVLLTSIDGVPGSDYINANYIDGYRKQNAYIATQGPLPETMGDFWRMVWEQRTATVVMMTRLEEKSRVKCDQYWPVRGTETYGLIQVTLVDTVELATYTMRTFALHKSGSSEKRELRQFQFMAWPDHGVPEYPTPILAFLRRVKACNPLDAGPMVVHCSAGVGRTGCFIVIDAMLERMKHEKTVDIYGHVTCMRSQRNYMVQTEDQYVFIHEALLEAAMCGHTEVLARNLYAHIQKLGQVPPGESVTAMELEFKLLANSKAHTSRFVSANLPCNKFKNRLVNIMPYELTRVCLQPIRGVEGSDYINASFLDGYRQQKAYIATQGPLAESTEDFWRMLWEHNSTIIVMLTKLREMGREKCHQYWPAERSARYQYFVVDPMAEYNMPQYILREFKVTDARDGQSRTIRQFQFTDWPEQGVPKTGEGFIDFIGQVHKTKEQFGQDGPITVHCSAGVGRTGVFITLSIVLERMRYEGVVDMFQTVKTLRTQRPAMVQTEDQYQLCYRAALEYLGSFDHYAT","49"
"50","Ptprs","ENS33","","MRLGGHAHCYAPPAFLRSRAVSAAAAAGTGDRAGRAGPGRKAEGTADHRDNRGRPTRPLASARFLLGHLSLSPCLPPPSVSPKNFKVKMIMKTSVLLSWEFPDNYNSPTPYKIQYNGLTLDVDGRTTKKLITHLKPHTFYNFVLTNRGSSLGGLQQTVTARTAFNMLSGKPSVAPKPDNDGFIVVYLPDGQSPVTVQNYFIVMVPLRKSRGGQFPVLLGSPEDMDLEELIQDISRLQRRSLRHSRQLEVPRPYIAARFSILPAVFHPGNQKQYGGFDNRGLEPGHRYVLFVLAVLQKNEPTFAASPFSDPFQLDNPDPQPIVDGEEGLIWVIGPVLAVVFIICIVIAILLYKNKPDSKRKDSEPRTKCLLNNADLAPHHPKDPVEMRRINFQTPGMLSHPPIPITDMAEHMERLKANDSLKLSQEYESIDPGQQFTWEHSNLEANKPKNRYANVIAYDHSRVILQPLEGIMGSDYINANYVDGYRRQNAYIATQGPLPETFGDFWRMVWEQRSATVVMMTRLEEKSRIKCDQYWPNRGTETYGFIQVTLLDTMELATFCVRTFSLHKNGSSEKREVRHFQFTAWPDHGVPEYPTPFLAFLRRVKTCNPPDAGPIVVHCSAGVGRTGCFIVIDAMLERIKTEKTVDVYGHVTLMRSQRNYMVQTEDQYGFIHEALLEAVGCGNTEVPARSLYTYIQKLAQVEPGEHVTGMELEFKRLASSKAHTSRFITASLPCNKFKNRLVNILPYESSRVCLQPIRGVEGSDYINASFIDGYRQQKAYIATQGPLAETTEDFWRALWENNSTIVVMLTKLREMGREKCHQYWPAERSARYQYFVVDPMAEYNMPQYILREFKVTDARDGQSRTVRQFQFTDWPEQGAPKSGEGFIDFIGQVHKTKEQFGQDGPISVHCSAGVGRTGVFITLSIVLERMRYEGVVDIFQTVKVLRTQRPAMVQTEDEYQFCFQAALEYLGSFDHYAT","50"
"51","Ptprs","ENS19","","MRLGGHAHCYAPPAFLRSRAVSAAAAAGTGDRAGRAGPGRKAEGTADHRDNRGRPTRPLASARFLLGHLSLSPCLPPPSVSPKNFKVKMIMKTSVLLSWEFPDNYNSPTPYKIQYNGLTLDVDGRTTKKLITHLKPHTFYNFVLTNRGSSLGGLQQTVTARTAFNMLSGKPSVAPKPDNDGFIVVYLPDGQSPVTVQNYFIVMVPLRKSRGGQFPVLLGSPEDMDLEELIQDISRLQRRSLRHSRQLEVPRPYIAARFSILPAVFHPGNQKQYGGFDNRGLEPGHRYVLFVLAVLQKNEPTFAASPFSDPFQLDNPDPQPIVDGEEGLIWVIGPVLAVVFIICIVIAILLYKNKPDSKRKDSEPRTKCLLNNADLAPHHPKDPVEMRRINFQTPGMLSHPPIPITDMAEHMERLKANDSLKLSQEYESIDPGQQFTWEHSNLEANKPKNRYANVIAYDHSRVILQPLEGIMGSDYINANYVDGYRRQNAYIATQGPLPETFGDFWRMVWEQRSATVVMMTRLEEKSRIKCDQYWPNRGTETYGFIQVTLLDTMELATFCVRTFSLHKNGSSEKREVRHFQFTAWPDHGVPEYPTPFLAFLRRVKTCNPPDAGPIVVHCSAGVGRTGCFIVIDAMLERIKTEKTVDVYGHVTLMRSQRNYMVQTEDQYGFIHEALLEAVGCGNTEVPARSLYTYIQKLAQVEPGEHVTGMELEFKRLASSKAHTSRFITASLPCNKFKNRLVNILPYESSRVCLQPIRGVEGSDYINASFIDGYRQQKAYIATQGPLAETTEDFWRALWENNSTIVVMLTKLREMGREKCHQYWPAERSARYQYFVVDPMAEYNMPQYILREFKVTDARDGQSRTVRQFQFTDWPEQGAPKSGEGFIDFIGQVHKTKEQFGQDGPISVHCSAGVGRTGVFITLSIVLERMRYEGVVDIFQTVKVLRTQRPAMVQTEDEYQFCFQAALEYLGSFDHYAT","51"
"52","Ptprs","ENSMUST00000067538","principal1","MAPTWSPSVVSVVGPVGLFLVLLARGCLAEEPPRFIREPKDQIGVSGGVASFVCQATGDPKPRVTWNKKGKKVNSQRFETIDFDESSGAVLRIQPLRTPRDENVYECVAQNSVGEITIHAKLTVLREDQLPPGFPNIDMGPQLKVVERTRTATMLCAASGNPDPEITWFKDFLPVDPSASNGRIKQLRSGALQIESSEETDQGKYECVATNSAGVRYSSPANLYVRVRRVAPRFSILPMSHEIMPGGNVNITCVAVGSPMPYVKWMQGAEDLTPEDDMPVGRNVLELTDVKDSANYTCVAMSSLGVIEAVAQITVKSLPKAPGTPVVTENTATSITVTWDSGNPDPVSYYVIEYKSKSQDGPYQIKEDITTTRYSIGGLSPNSEYEIWVSAVNSIGQGPPSESVVTRTGEQAPASAPRNVQARMLSATTMIVQWEEPVEPNGLIRGYRVYYTMEPEHPVGNWQKHNVDDSLLTTVGSLLEDETYTVRVLAFTSVGDGPLSDPIQVKTQQGVPGQPMNLRAEAKSETSIGLSWSAPRQESVIKYELLFREGDRGREVGRTFDPTTAFVVEDLKPNTEYAFRLAARSPQGLGAFTAVVRQRTLQAKPSAPPQDVKCTSLRSTAILVSWRPPPPETHNGALVGYSVRYRPLGSEDPDPKEVNNIPPTTTQILLEALEKWTEYRVTAVAYTEVGPGPESSPVVVRTDEDVPSAPPRKVEAEALNATAIRVLWRSPTPGRQHGQIRGYQVHYVRMEGAEARGPPRIKDIMLADAQEMVITNLQPETAYSITVAAYTMKGDGARSKPKVVVTKGAVLGRPTLSVQQTPEGSLLARWEPPADAAEDPVLGYRLQFGREDAAPATLELAAWERRFAAPAHKGATYVFRLAARGRAGLGEEAAAALSIPEDAPRGFPQILGAAGNVSAGSVLLRWLPPVPAERNGAIIKYTVSVREAGAPGPATETELAAAAQPGAETALTLRGLRPETAYELRVRAHTRRGPGPFSPPLRYRLARDPVSPKNFKVKMIMKTSVLLSWEFPDNYNSPTPYKIQYNGLTLDVDGRTTKKLITHLKPHTFYNFVLTNRGSSLGGLQQTVTARTAFNMLSGKPSVAPKPDNDGFIVVYLPDGQSPVTVQNYFIVMVPLRKSRGGQFPVLLGSPEDMDLEELIQDISRLQRRSLRHSRQLEVPRPYIAARFSILPAVFHPGNQKQYGGFDNRGLEPGHRYVLFVLAVLQKNEPTFAASPFSDPFQLDNPDPQPIVDGEEGLIWVIGPVLAVVFIICIVIAILLYKNKPDSKRKDSEPRTKCLLNNADLAPHHPKDPVEMRRINFQTPGMLSHPPIPITDMAEHMERLKANDSLKLSQEYESIDPGQQFTWEHSNLEANKPKNRYANVIAYDHSRVILQPLEGIMGSDYINANYVDGYRRQNAYIATQGPLPETFGDFWRMVWEQRSATVVMMTRLEEKSRIKCDQYWPNRGTETYGFIQVTLLDTMELATFCVRTFSLHKNGSSEKREVRHFQFTAWPDHGVPEYPTPFLAFLRRVKTCNPPDAGPIVVHCSAGVGRTGCFIVIDAMLERIKTEKTVDVYGHVTLMRSQRNYMVQTEDQYGFIHEALLEAVGCGNTEVPARSLYTYIQKLAQVEPGEHVTGMELEFKRLASSKAHTSRFITASLPCNKFKNRLVNILPYESSRVCLQPIRGVEGSDYINASFIDGYRQQKAYIATQGPLAETTEDFWRALWENNSTIVVMLTKLREMGREKCHQYWPAERSARYQYFVVDPMAEYNMPQYILREFKVTDARDGQSRTVRQFQFTDWPEQGAPKSGEGFIDFIGQVHKTKEQFGQDGPISVHCSAGVGRTGVFITLSIVLERMRYEGVVDIFQTVKVLRTQRPAMVQTEDEYQFCFQAALEYLGSFDHYAT","52"
